timestamp,code|design-debt,requirement-debt,documentation-debt,test-debt
1292522996,155,118,5,3
1292862362,-2,-1,0,0
1292864474,0,-1,0,0
1292889759,0,-3,0,0
1293065089,0,-1,0,0
1293103091,0,-11,0,0
1294220863,0,-15,0,0
1294257444,155,118,5,3
1294257462,0,-1,0,0
1294318976,3,0,5,0
1294347654,1,0,0,0
1294418964,0,-3,0,0
1294421011,0,-3,0,0
1294509050,-1,-1,0,0
1294516038,0,0,0,0
1294681427,-2,-1,0,0
1294754953,-1,-12,0,0
1294757959,-1,-12,0,0
1294767137,-3,-20,0,0
1294838380,-2,-1,0,0
1294939418,1,0,0,0
1294944004,0,2,0,0
1295003801,0,1,0,1
1295003889,-3,-20,0,0
1295109788,1,0,0,0
1295347556,0,2,0,0
1295363213,0,-1,0,0
1295373546,-1,-1,0,0
1295375662,-1,1,0,0
1295380615,-1,-2,0,0
1295452704,0,0,1,0
1295540054,-1,0,0,0
1295626438,2,4,0,0
1295627119,0,-1,0,0
1295956579,0,3,1,0
1295961053,0,3,1,1
1295975309,0,0,0,1
1296123229,0,3,1,1
1296125677,0,0,0,0
1296138221,0,3,1,0
1296143366,0,0,0,0
1296147961,0,3,1,1
1296211371,-2,-1,0,0
1296214581,1,0,0,0
1296226011,-3,1,0,1
1296230241,-3,1,0,1
1296230602,1,1,0,0
1296237093,1,-1,0,0
1296237927,-1,0,0,0
1296246925,-1,0,0,0
1296568508,-1,0,0,0
1296568705,-1,-3,0,0
1296587589,-2,-3,0,0
1296588500,0,0,0,0
1296593954,0,1,0,0
1296637503,2,4,0,0
1296652732,1,0,0,0
1296660245,0,1,0,0
1296660509,0,-1,0,0
1296660824,-1,-2,0,0
1296730241,-1,-3,0,0
1296730606,0,-2,0,0
1296734724,3,5,0,0
1296749629,0,2,0,0
1296759406,-1,-3,0,0
1296769545,0,-1,0,0
1296775967,0,0,0,0
1296822748,1,0,0,0
1296823418,4,0,0,9
1296828297,-2,1,1,1
1296831748,1,1,0,0
1296831760,0,1,0,0
1296831765,-2,2,1,1
1296831852,0,0,0,2
1296861817,0,0,0,0
1297084695,1,-1,0,1
1297176785,5,0,0,12
1297178049,0,2,0,0
1297186282,-1,-1,0,0
1297191225,1,0,0,0
1297261325,5,0,0,12
1297264172,0,-2,0,0
1297267416,4,-6,0,12
1297335448,1,0,0,0
1297351448,1,0,0,0
1297442137,-1,0,0,0
1297539348,-1,0,0,0
1297540639,1,0,0,0
1297620147,0,0,0,1
1297626915,0,1,0,-1
1297683067,-2,0,0,0
1297683372,1,0,0,0
1297773012,-2,0,0,0
1297779313,1,0,0,0
1297779455,-2,0,0,0
1297789297,1,0,0,0
1297848658,-1,0,0,0
1297855012,1,0,0,0
1297937082,-3,0,0,0
1297938965,-1,0,0,0
1297944896,1,0,0,0
1297945019,1,0,0,0
1298038551,-3,0,0,0
1298121804,0,1,0,0
1298147180,0,1,0,0
1298289004,0,1,0,0
1298292511,0,1,0,0
1298293039,1,0,0,0
1298305422,1,0,0,0
1298317380,1,0,0,0
1298317395,1,0,0,0
1298368728,0,1,0,0
1298452618,-2,1,0,0
1298475207,0,-1,0,0
1298482061,-1,0,0,0
1298627225,0,-1,0,0
1298628375,-4,1,0,0
1298634981,0,0,0,0
1298641752,0,0,0,1
1298643766,-3,3,0,0
1298651940,0,0,0,1
1298661963,0,0,0,0
1298725006,0,1,0,0
1298729480,-1,0,0,1
1298830889,-1,0,0,1
1298837675,0,0,0,0
1298839466,1,-1,0,0
1298840543,1,-1,0,0
1298886926,0,0,0,1
1299065977,0,1,0,-1
1299066967,-2,2,0,0
1299082890,-1,0,0,1
1299150137,-1,0,0,0
1299174272,0,1,0,0
1299174584,1,0,0,0
1299179934,-1,-1,0,0
1299231645,1,0,0,0
1299231650,0,-1,0,0
1299235392,1,0,0,0
1299235609,1,0,0,0
1299246703,-1,0,0,0
1299259544,0,0,0,0
1299261703,0,-1,0,0
1299261883,208,62,0,4
1299275958,0,-1,0,0
1299342642,0,3,0,0
1299343743,-2,-1,0,0
1299363595,-1,0,0,0
1299398426,1,0,0,0
1299422048,1,1,0,-1
1299423895,4,6,0,0
1299487930,0,1,0,-1
1299496989,0,1,0,-1
1299500401,6,2,0,0
1299505262,1,1,0,-1
1299509054,0,0,0,1
1299510025,1,6,0,0
1299531483,-208,-62,0,-4
1299531627,98,31,0,2
1299577871,1,1,0,-1
1299596189,-1,0,0,0
1299603659,-7,0,1,14
1299623936,1,1,0,-1
1299695421,0,1,0,0
1299766218,-2,3,0,0
1299766330,0,1,0,0
1299861528,1,0,0,0
1300008227,0,0,0,0
1300199390,-18,-4,0,0
1300206221,0,-1,0,0
1300210536,-2,-3,0,0
1300271661,1,0,0,0
1300273198,-2,-3,0,0
1300278909,-18,-5,0,0
1300284637,-1,0,0,0
1300295816,1,0,0,0
1300299070,-18,-5,0,0
1300306470,-19,-8,0,0
1300364077,0,0,0,0
1300368092,-1,0,0,0
1300369870,-1,-3,0,0
1300385175,0,-3,0,0
1300385633,-19,-7,0,-1
1300394952,0,1,0,0
1300453925,-3,-2,0,-1
1300472520,-3,-2,0,-1
1300477873,-3,-2,0,-1
1300576444,-1,0,0,0
1300704994,-3,-2,0,-1
1300705743,0,-1,0,0
1300713387,-1,0,0,0
1300713414,-1,0,0,0
1300713470,-1,0,0,0
1300723109,0,-1,0,0
1300725435,2,1,0,0
1300739762,0,-1,0,0
1300746343,0,1,0,0
1300776421,-1,0,0,0
1300800338,-1,0,0,0
1300800590,-1,0,0,0
1300809245,0,-1,0,0
1300822621,0,-1,0,0
1300876089,0,-1,0,0
1300887859,0,2,0,0
1300959927,0,1,0,0
1300960090,-1,0,0,0
1301324154,-1,3,0,0
1301344207,0,0,0,0
1301348084,-2,0,0,0
1301390710,0,-2,0,0
1301395357,0,0,0,0
1301425712,0,6,0,0
1301430085,0,1,0,0
1301435876,0,0,0,0
1301464795,1,0,0,0
1301472186,1,0,0,0
1301476570,-2,-1,0,0
1301476579,-2,-1,0,0
1301487527,0,0,0,0
1301489876,0,0,0,0
1301502876,-1,0,0,0
1301502912,-1,-3,0,0
1301505225,0,6,0,0
1301569553,2,0,0,0
1301681150,1,0,0,0
1301774068,1,0,0,0
1301840325,-1,0,0,0
1301928754,-3,-3,0,0
1301949814,0,-6,0,0
1301950293,-3,-3,0,0
1301999519,1,0,0,0
1302088414,2,1,0,0
1302088722,-30,-9,0,-1
1302106343,2,0,0,0
1302106907,0,1,0,0
1302109248,-1,0,0,0
1302109290,3,0,0,0
1302109714,3,0,0,0
1302456031,0,0,0,1
1302648727,0,-2,0,0
1302648961,1,0,0,1
1302649065,0,-6,0,0
1302709882,-1,0,0,0
1302736895,1,-2,0,1
1302862443,-26,-17,0,0
1302888556,0,2,0,0
1302975779,0,-1,0,0
1302986238,0,0,0,0
1303025841,-1,0,0,0
1303025847,1,0,0,0
1303172873,0,2,0,0
1303210699,-1,0,0,0
1303230946,-1,0,0,0
1303231173,0,-1,0,0
1303234959,0,0,0,0
1303237890,-1,0,0,0
1303237904,-1,0,0,0
1303237909,-1,0,0,0
1303289743,-1,0,0,0
1303308717,-1,0,0,0
1303640006,-1,-12,0,1
1303640372,-1,0,0,0
1303830302,0,-1,0,0
1303899776,-30,-16,0,0
1303911347,-32,-17,1,14
1304090749,-85,-32,0,-1
1304091299,4,2,0,0
1304626396,2,1,0,0
1304977413,3,-2,0,0
1305200978,0,0,0,0
1305203225,2,0,0,0
1305305336,0,0,0,1
1305557427,0,0,0,0
1305557428,-1,0,0,0
1305720679,-1,0,0,0
1305720758,1,0,0,0
1305890486,2,0,0,0
1305910846,0,0,0,0
1306260585,1,0,0,0
1306488738,1,0,0,0
1306748968,0,0,0,0
1306770080,1,0,0,0
1306775356,1,0,0,0
1306836915,2,0,0,0
1306923173,1,0,0,0
1306936860,0,1,0,0
1307350574,0,-1,0,0
1307377233,1,0,0,0
1307377719,-1,3,0,0
1307455367,-1,0,0,0
1307606074,1,0,0,0
1307625901,1,0,0,0
1307632583,-1,0,0,0
1307695210,1,0,0,0
1307707630,0,9,0,0
1307707773,0,0,0,0
1307713189,3,2,0,0
1307724537,-1,0,0,0
1307727680,0,1,0,0
1307804418,-1,0,0,0
1307808184,2,0,0,0
1308063690,0,3,0,0
1308066116,4,-2,0,0
1308076148,0,0,0,0
1308155950,-2,3,0,0
1308241611,1,0,0,0
1308322599,3,-1,0,0
1308417261,0,-4,0,0
1308584762,2,0,0,0
1308665777,0,1,0,0
1308758734,0,4,0,0
1308762553,7,-9,0,1
1308834853,0,0,0,0
1308858857,4,-2,0,0
1309018100,0,0,0,0
1309096459,0,8,0,0
1309101583,0,3,0,0
1309271643,-1,0,0,4
1309550149,4,-2,0,0
1309622370,1,0,0,0
1309798873,2,6,0,0
1309942345,1,0,0,0
1309952561,2,1,0,0
1309962205,1,0,0,0
1309974185,1,-3,0,0
1309977569,0,1,0,0
1310021589,-2,-1,0,0
1310029340,-1,0,0,0
1310029907,0,8,0,0
1310029912,0,3,0,0
1310049927,2,1,0,0
1310122204,0,-1,0,0
1310574324,4,3,0,0
1310735794,0,0,0,0
1310761536,6,1,0,0
1310943465,0,1,0,0
1310981211,6,21,0,0
1310995322,0,-1,0,0
1311002164,0,0,0,1
1311002215,0,0,0,1
1311002544,2,-1,0,0
1311062094,4,3,0,0
1311077624,1,0,0,0
1311079042,3,9,0,0
1311092600,1,0,0,0
1311105497,2,-1,0,0
1311155199,0,-1,0,0
1311163208,-1,0,0,0
1311169192,-6,-11,0,0
1311173310,-1,0,0,0
1311177003,0,1,0,0
1311178727,0,2,0,0
1311269028,-1,-1,0,0
1311352512,-10,-2,0,0
1311433399,1,0,0,0
1311437343,2,2,0,0
1311447565,1,-1,0,0
1311484137,1,1,0,0
1311484676,0,1,0,0
1311511812,0,-1,0,0
1311517368,-1,0,0,0
1311520954,-1,0,0,0
1311596549,-1,-1,0,0
1311600782,2,1,0,0
1311668978,1,0,0,0
1311679092,-1,0,0,0
1311688840,1,0,0,0
1311757745,-1,0,0,0
1311770866,6,16,0,0
1311775724,3,11,0,0
1311780922,0,0,0,0
1311784317,1,-3,0,0
1311787253,-1,0,0,0
1311787459,1,-3,0,0
1311853310,-2,0,0,0
1311856474,6,16,0,0
1312033345,0,0,0,0
1312215026,0,-1,0,0
1312216385,0,0,0,-1
1312277327,-2,0,0,0
1312360761,-1,0,0,0
1312368486,4,0,0,0
1312368962,-4,0,0,0
1312376927,0,-2,0,0
1312377734,10,20,0,0
1312385685,0,1,0,0
1312460770,1,0,0,0
1312794600,4,0,0,0
1312825728,0,-2,0,0
1312826125,-10,-2,0,0
1312840844,0,1,0,0
1312892932,0,-1,0,0
1312893176,0,-1,0,0
1312928320,10,21,0,0
1313489381,0,-2,0,0
1313578954,0,-1,0,0
1313585195,-2,0,0,0
1313585213,2,-2,0,0
1313592037,-1,-4,0,0
1313595427,0,2,0,0
1313676721,0,1,0,0
1313679822,0,-1,0,0
1313754126,-2,-2,0,0
1313946323,1,0,0,0
1314022869,2,0,0,0
1314092276,0,0,0,0
1314115473,-1,-2,0,0
1314192019,1,0,0,0
1314193431,0,1,0,0
1314197893,0,1,0,0
1314198800,-1,0,0,0
1314202045,0,-1,0,0
1314209366,0,0,0,0
1314285614,0,0,0,0
1314285993,0,0,0,0
1314356635,-2,1,0,0
1314360950,5,0,0,0
1314361710,0,-5,0,0
1314391334,1,1,0,0
1314459963,0,1,0,1
1314628668,0,1,0,0
1314698657,0,-2,0,0
1314699914,0,-2,0,0
1314726667,-1,0,0,0
1314889215,0,1,0,0
1314900068,0,3,0,0
1314903900,0,4,0,0
1314971457,10,15,0,0
1314980550,0,1,0,0
1315219649,0,0,0,-1
1315239194,6,7,0,0
1315239328,1,0,0,0
1315310604,1,3,0,0
1315325106,1,3,0,0
1315326712,0,-1,0,0
1315335102,0,1,0,0
1315385529,1,4,0,0
1315492858,0,1,0,0
1315502949,-1,9,0,0
1315506496,0,1,0,0
1315509840,0,1,0,0
1315528090,1,0,0,0
1315559170,5,-2,0,1
1315562098,-9,4,0,-1
1315563358,0,-1,0,0
1315584301,0,2,0,0
1315826716,0,1,0,0
1315848118,-11,-2,0,-1
1315848338,55,0,0,0
1315953350,-1,2,0,0
1316014337,1,3,0,0
1316168226,-1,2,0,0
1316171935,-1,-2,0,0
1316176615,0,2,0,0
1316191378,-1,1,0,0
1316192196,1,0,0,0
1316528285,1,-1,0,0
1316551386,-1,0,0,-1
1316691985,1,0,0,0
1316693279,0,-1,0,0
1316794243,11,0,0,0
1316896374,-1,0,0,0
1317030435,6,16,0,-1
1317112107,-3,0,0,0
1317124815,1,-2,0,0
1317393204,-2,0,0,0
1317802760,-2,-2,0,0
1317838053,0,1,0,0
1317885005,0,1,0,0
1317984989,-2,1,0,0
1317999777,0,0,0,-11
1318105093,1,0,0,0
1318169481,-1,0,0,0
1318176982,0,5,0,0
1318238430,1,0,0,0
1318244858,0,1,0,0
1318248101,1,0,0,0
1318262965,0,0,0,0
1318274109,0,1,0,0
1318369652,0,-1,0,0
1318412855,1,1,0,0
1318414609,1,0,0,0
1318414673,2,1,0,-11
1318428091,0,0,0,-11
1318509386,0,0,0,0
1318514303,0,1,0,0
1318586657,2,1,0,0
1318692804,2,1,0,0
1318695375,2,1,0,0
1318758189,2,1,0,0
1318842636,2,1,0,0
1318863674,0,15,0,0
1318868976,1,0,0,0
1318934852,1,0,0,0
1318946278,0,1,0,0
1318949082,1,0,0,0
1318963556,2,1,0,0
1319015494,2,1,1,0
1319017626,4,2,0,0
1319028164,2,1,0,0
1319029510,0,1,0,0
1319029552,2,1,1,0
1319054561,0,0,0,-1
1319107441,5,2,1,-1
1319186535,0,0,0,0
1319194981,2,1,1,0
1319217055,10,0,0,0
1319284958,0,1,0,0
1319454224,0,1,0,0
1319526411,1,-1,0,0
1319568401,4,2,0,0
1319641766,-5,-3,0,0
1319645920,1,-2,0,0
1319717066,-3,0,0,0
1319724957,13,-1,0,0
1319805111,-23,0,0,0
1319817484,1,0,0,0
1319896087,-2,-2,0,0
1320059024,0,-5,0,0
1320142952,0,-1,0,0
1320415007,-1,-8,1,-12
1320780308,0,0,0,0
1321015093,16,-2,0,0
1321191259,0,1,0,0
1321191943,0,1,0,0
1321194014,-2,0,0,0
1321261556,1,-1,0,0
1321293751,0,2,0,0
1321297007,1,1,0,0
1321535069,-1,5,0,0
1321538199,0,4,0,0
1321543845,0,4,0,0
1321546612,0,4,0,0
1321625338,0,4,0,0
1321628894,0,-1,0,0
1321631641,0,4,0,0
1321632933,0,1,0,0
1321645981,0,4,0,0
1321657323,0,4,0,0
1321719450,0,0,0,0
1321725673,0,0,0,0
1321726340,0,4,0,0
1321726714,0,4,0,0
1321731771,1,1,0,0
1321746089,1,0,0,0
1321799761,0,33,0,0
1321812758,0,-32,0,0
1321812972,-2,0,0,0
1321908246,0,-2,0,0
1321975263,1,0,0,0
1321988275,-1,0,0,0
1322060588,2,0,0,0
1322075199,0,-1,0,0
1322173039,-2,0,0,0
1322173150,0,0,0,0
1322231525,0,1,0,0
1322324265,-2,0,0,0
1322324535,-1,-2,0,0
1322411517,6,0,0,0
1322412286,6,0,0,0
1322464829,-2,0,0,0
1322593526,1,0,0,0
1323171214,1,0,0,0
1323172947,3,-1,1,-12
1323269615,1,-1,0,0
1323728555,-4,0,0,0
1323770779,15,-4,1,-12
1323784598,-3,-9,1,-12
1323803341,-2,4,0,0
1323812448,0,2,0,0
1323855414,1,0,0,0
1323855499,-1,0,0,0
1323867616,0,1,0,0
1323870621,0,1,0,0
1324481138,45,-4,1,-1
1324565461,0,-1,0,0
1325683812,0,1,0,0
1325764760,0,5,0,0
1325765542,33,-1,0,0
1325767674,0,2,0,0
1326112792,1,2,0,0
1326133077,0,2,0,2
1326231504,1,0,0,0
1326279371,1,0,0,0
1326280966,1,0,0,0
1326282092,1,0,0,0
1326282239,1,0,0,0
1326299704,1,0,0,0
1326301443,1,0,0,0
1326302962,-1,0,0,0
1326309536,0,-2,0,0
1326311460,1,-2,0,0
1326314551,-1,0,0,0
1326317396,0,2,0,0
1326383798,-1,0,0,0
1326385182,1,1,0,0
1326390309,1,1,0,0
1326455563,0,-2,0,0
1326455988,1,0,0,0
1326480580,0,-2,0,0
1326550471,1,0,0,0
1326550584,33,1,0,0
1326550646,39,-9,1,-12
1326574364,1,-1,0,0
1326661259,0,-1,0,0
1326793097,0,1,0,0
1326793199,35,1,0,0
1326793968,1,0,0,0
1326796677,0,1,0,0
1326797013,0,-1,0,0
1326800139,1,0,0,0
1326802506,0,1,0,0
1326802609,34,1,0,0
1326824381,31,1,0,0
1326839152,0,-1,0,0
1326843187,2,1,0,0
1326884675,0,-1,0,0
1326903709,1,0,0,1
1326903768,1,0,0,1
1326904974,-1,0,0,0
1327064492,3,-1,0,1
1327074761,4,0,0,1
1327340748,1,0,0,1
1327341272,2,-1,0,0
1327425478,-1,-1,0,0
1327445076,-1,-1,0,0
1327487986,2,0,0,0
1327496369,32,0,1,2
1327504835,0,0,0,0
1327508862,0,0,0,0
1327511700,2,0,0,0
1327525386,0,0,0,0
1327529490,0,2,0,0
1327572486,2,-2,0,1
1327585523,1,1,0,0
1327612516,0,1,0,0
1327613373,0,1,0,0
1327656937,0,1,0,0
1327669924,0,1,0,0
1327680636,0,-1,0,0
1327683325,-2,-1,0,0
1327691930,0,1,0,0
1327759313,2,-1,0,1
1327760930,0,-1,0,0
1327780910,-1,0,0,0
1327847661,-1,2,0,0
1327854044,4,16,0,0
1327855532,-7,-16,0,0
1327916711,0,-1,0,0
1327936518,2,4,0,0
1327941593,0,-1,0,0
1327946362,8,0,0,0
1327959334,0,0,0,0
1328002519,-8,0,0,0
1328013028,2,1,0,0
1328040785,0,-2,0,0
1328045227,-1,0,0,0
1328113526,0,14,0,0
1328113693,-1,0,0,0
1328124535,-1,11,0,0
1328129500,4,0,0,0
1328175465,-1,0,0,0
1328177385,-1,0,0,0
1328186406,0,3,0,0
1328195896,1,0,0,0
1328196693,-7,11,0,0
1328204792,0,-3,0,0
1328259846,0,-3,0,0
1328276545,1,0,0,0
1328291208,1,0,0,0
1328305256,0,14,0,0
1328474837,0,1,0,0
1328548301,0,-1,0,0
1328562438,2,-1,0,1
1328605714,-2,-1,0,0
1328608804,3,0,0,0
1328634758,0,-1,0,0
1328634826,0,-1,0,0
1328715220,0,-4,0,0
1328722130,1,0,0,0
1328793296,0,1,0,0
1329144697,1,0,0,0
1329231998,-2,1,0,0
1329424349,1,0,0,0
1329424401,1,0,0,0
1329513563,169,0,0,0
1329656458,169,0,0,0
1329734389,0,0,0,0
1329736466,-1,-1,0,0
1329736608,170,0,0,0
1329749951,2,0,0,0
1329851067,1,-1,0,0
1329858420,20,1,0,0
1329858883,2,0,0,0
1329904911,-4,1,0,0
1329907035,-1,0,0,0
1329907970,0,3,0,0
1329914256,-2,0,0,0
1329919196,0,-3,0,0
1329923584,-2,0,0,0
1329928138,2,0,0,0
1329930102,1,0,0,0
1329932493,-2,0,0,0
1330090703,-4,1,0,0
1330098530,0,17,0,0
1330109618,1,-2,0,0
1330121206,-2,-1,0,0
1330203200,2,0,1,0
1330271797,1,0,0,0
1330375368,0,0,0,1
1330446104,0,0,0,-1
1330509271,2,0,1,0
1330519756,-2,1,0,0
1330520663,0,-1,0,0
1330547708,1,0,0,0
1330615720,0,2,0,0
1330688921,2,-2,0,0
1330693305,0,-1,0,0
1330705044,0,-1,0,0
1331036528,-1,-3,0,0
1331134638,0,6,0,0
1331135728,0,5,0,0
1331140369,0,0,0,0
1331145920,1,0,0,0
1331162753,0,0,0,0
1331200481,0,-1,0,0
1331201455,0,0,0,0
1331211176,194,2,0,0
1331212194,-178,-1,0,0
1331212429,0,-1,0,0
1331221623,0,-2,0,0
1331222257,0,-2,0,0
1331231163,0,-2,0,0
1331231238,0,-2,0,0
1331301169,1,0,0,0
1331567058,1,0,0,0
1331571302,-1,0,0,0
1331813946,0,-2,0,0
1332174802,-1,0,0,0
1332174981,4,0,0,0
1332426445,-15,0,0,0
1332426993,-15,0,0,0
1332509140,0,-1,0,0
1332686228,1,0,0,0
1332761151,1,0,0,0
1333445645,4,-4,0,0
1333445792,4,-4,0,0
1333611487,6,-4,0,0
1333611512,0,-1,0,0
1333631886,-14,2,1,0
1334152079,1,0,0,0
1334914766,223,96,6,23
1334915854,2,0,0,0
1334922884,0,1,0,0
1334931166,-1,0,0,0
1334933565,1,0,0,0
1335100336,0,1,0,0
1335104947,3,0,0,0
1335292590,8,0,0,0
1335345472,-1,0,0,0
1335351173,-1,0,0,0
1335357453,15,7,0,0
1335522785,15,7,0,0
1335535337,2,0,0,0
1335535687,4,0,0,0
1335535758,-4,0,0,0
1335835232,1,0,0,0
1335967063,4,0,0,0
1335971168,0,0,0,0
1335981889,-2,0,0,0
1336142169,1,1,0,0
1336143892,1,0,0,0
1336154503,0,0,0,0
1336322980,-3,0,0,0
1336504761,0,0,0,0
1336611247,0,0,0,0
1336655866,0,0,0,0
1336700754,175,86,6,5
1336723900,0,-3,0,0
1336737089,0,-1,0,0
1336739255,0,-1,0,0
1336751421,0,1,0,0
1336755728,0,-1,0,0
1336931066,0,3,0,0
1337005162,5,14,0,1
1337022032,1,0,0,0
1337086343,0,1,0,0
1337089314,-3,-1,0,0
1337097647,0,1,0,0
1337166191,0,-1,0,0
1337166255,6,15,0,1
1337178416,0,9,0,0
1337179535,-2,-7,0,0
1337180786,0,-1,0,0
1337184775,2,1,0,0
1337374562,0,1,0,0
1337374933,0,3,0,0
1337458230,0,-1,0,0
1337691622,5,0,0,0
1337788333,5,0,0,0
1337955814,0,-1,0,0
1337960064,0,-1,0,0
1338384125,1,0,0,0
1338392864,1,0,0,0
1338905826,-1,0,0,0
1339158656,-15,2,1,0
1339162559,-1,0,0,0
1339247810,1,1,0,0
1339440524,-1,-2,0,0
1339498852,2,0,0,0
1339508071,1,-5,0,0
1339509114,1,4,0,0
1339509549,1,4,0,0
1339594573,-1,-2,0,0
1339597176,2,2,0,0
1339620438,1,0,0,0
1339672237,1,0,0,0
1339768179,2,0,0,0
1339770901,2,-1,0,0
1340030353,-1,-2,0,0
1340031173,0,0,0,0
1340039287,0,0,0,0
1340101757,0,-1,0,0
1340108487,-9,-12,0,-1
1340119887,0,-1,0,0
1340123559,0,-1,0,0
1340138036,0,-5,0,0
1340217410,-4,-1,0,0
1340273429,-4,-1,0,0
1340273492,-1,0,0,0
1340274484,3,0,0,0
1340282490,-4,1,0,0
1340287960,-16,1,1,0
1340295485,-2,-1,0,0
1340295518,0,-1,0,0
1340356111,-18,2,1,0
1340360517,1,-3,0,0
1340371063,0,-2,0,0
1340373739,-20,0,0,0
1340375383,0,-2,0,0
1340381979,0,-1,0,0
1340382595,-9,-9,0,0
1340465274,1,1,0,0
1340640630,0,-2,0,0
1340664319,0,-1,0,0
1340704000,0,-1,0,0
1340704681,46,8,0,17
1340715117,-1,0,0,0
1340715171,46,8,0,17
1340718133,1,0,0,0
1340718738,1,0,0,0
1340722383,1,0,0,0
1340787250,0,-2,0,0
1340792303,0,0,0,0
1340803931,0,-1,0,0
1340805137,0,0,0,0
1340877283,4,3,0,0
1340882765,-1,0,0,0
1340883264,0,1,0,0
1340891322,1,2,0,0
1340897783,8,0,0,0
1340957151,0,1,0,0
1341150550,0,-1,0,0
1341151845,-1,-2,0,0
1341230301,-1,2,0,0
1341309121,8,-3,0,0
1341310613,0,-1,0,0
1341393824,46,5,0,17
1341406273,0,12,0,0
1341428496,1,1,0,0
1341492336,1,-2,0,0
1341659684,0,-3,0,0
1341666503,0,-3,0,0
1341684172,-1,-1,0,0
1341824682,-2,0,0,0
1341845061,0,0,0,1
1341921939,-6,0,0,0
1342095842,-39,-10,0,0
1342119257,27,3,0,17
1342175831,4,2,0,0
1342198009,0,-1,0,0
1342202018,0,-7,0,0
1342202761,0,-7,0,0
1342205167,0,-15,0,0
1342273175,0,0,0,0
1342394247,-1,0,0,0
1342395080,2,0,0,0
1342447557,11,6,0,0
1342447570,-3,2,0,0
1342449334,23,2,0,17
1342454241,-1,-2,0,0
1342456211,1,0,0,0
1342456330,0,-15,0,0
1342522707,-41,-12,0,0
1342525057,-1,0,0,0
1342534475,-2,-2,0,0
1342542258,-1,-1,0,0
1342609564,0,-6,0,0
1342612710,0,-1,0,0
1342614853,-3,-3,0,0
1342621802,1,0,0,0
1342623125,-1,-1,0,0
1342623656,0,0,0,0
1342623862,1,0,0,0
1342626262,1,0,0,0
1342626834,0,-1,0,0
1342675950,2,0,0,0
1342714260,8,1,0,0
1342714869,66,0,0,0
1342715048,-8,0,0,0
1342797446,0,-1,0,0
1342991463,-66,0,0,0
1343035808,-3,-19,0,0
1343048111,0,-1,0,0
1343048161,-1,-18,0,1
1343048346,2,1,0,0
1343049122,-1,-18,0,1
1343054222,1,0,0,0
1343057721,1,-1,0,0
1343063360,4,0,0,0
1343064223,0,0,0,0
1343077484,0,0,-1,0
1343114891,-1,1,0,0
1343122645,2,1,0,1
1343135122,0,1,0,0
1343140831,2,0,0,0
1343207601,2,1,0,1
1343228010,2,0,0,0
1343243635,-1,0,0,0
1343254041,0,-1,0,0
1343371175,-1,-19,-1,1
1343387244,-4,1,0,0
1343390951,0,0,-1,0
1343401508,5,-24,-1,1
1343638685,0,-1,0,0
1343855253,0,-1,0,0
1343889337,1,0,0,0
1343924303,0,-1,0,0
1343931841,2,0,0,0
1343999773,0,-1,0,0
1344101326,2,-1,0,0
1344249057,0,-1,0,0
1344323392,2,2,0,0
1344362355,-1,0,0,0
1344798129,0,1,0,0
1344850779,-1,1,0,0
1344854154,0,1,0,0
1344939701,0,1,0,0
1344963954,-1,-1,0,0
1344965602,21,-1,0,0
1345018049,0,1,0,0
1345029560,0,1,0,0
1345031008,21,0,0,0
1345042353,0,1,0,0
1345075716,1,7,0,0
1345126790,0,-1,0,0
1345131126,3,-1,0,0
1345565725,21,-1,-1,0
1345639010,21,0,-1,0
1346759354,24,-4,0,0
1347460499,-1,2,0,0
1347823991,0,1,0,0
1347998611,-2,0,0,0
1348087074,-1,-2,0,0
1348168090,-4,0,0,0
1348176719,-9,-1,0,0
1348244751,1,0,0,0
1348290834,1,0,0,0
1348439110,0,-1,0,0
1348931861,1,2,0,0
1349162066,1,1,0,0
1349715184,0,1,0,0
1349884573,3,4,0,0
1349896335,0,0,0,0
1349939838,-2,0,0,0
1350050881,1,0,0,0
1350055277,5,0,0,0
1350055279,1,0,0,0
1350269828,0,0,0,0
1350337166,0,0,0,0
1350361788,6,0,0,0
1350361804,-9,-1,0,0
1350362053,0,0,0,0
1350431419,-1,0,0,0
1350434310,-1,0,0,0
1350498047,-5,-2,0,0
1350588488,1,0,0,0
1350645083,2,1,0,0
1350760275,0,0,0,1
1350852377,-1,0,0,0
1350874609,-2,-2,0,0
1351017952,0,2,0,0
1351019196,0,-2,0,0
1351033608,-3,-1,0,0
1351218815,1,0,0,0
1351243751,-5,-7,0,0
1351246396,0,1,0,0
1351271537,1,0,0,0
1351520549,-1,0,0,0
1351683844,-1,0,0,0
1351791265,0,0,0,0
1352070790,7,0,0,0
1352128572,0,1,0,0
1352187221,3,0,0,0
1352242911,0,0,0,0
1352441128,1,0,0,0
1352750829,-1,-1,0,0
1352751721,1,1,0,0
1352752429,0,0,0,0
1352754928,-1,-1,0,0
1352754951,1,1,0,0
1353104517,0,-3,0,0
1353187954,0,1,0,0
1353205986,-1,0,0,0
1353439704,0,0,0,0
1354025584,-9,-4,0,1
1354299577,-1,2,0,0
1354846591,0,-3,0,0
1355319112,3,0,0,0
1355926298,-1,0,0,0
1357937558,3,1,0,0
1358553458,1,0,0,0
1358885547,-2,-1,0,0
1359044122,-9,-9,0,0
1359046500,2,1,0,0
1359055033,23,15,0,0
1359337713,0,1,0,0
1359337768,-1,-1,0,0
1359423029,-4,-4,0,0
1359458414,-9,-4,0,0
1359459994,-3,0,0,0
1359511526,0,1,0,0
1359511597,0,0,0,0
1360321186,0,1,0,0
1360518601,1,-1,0,0
1360546210,1,0,0,0
1360582609,0,1,0,0
1365523684,0,0,0,0
1365870136,-73,-4,0,-2
1365874978,-3,0,0,0
1365887293,1,-1,0,0
1365904180,0,0,0,-15
1366145920,-5,-2,0,0
1366155444,0,0,0,0
1366979593,1,0,0,0
1367240952,152,62,6,6
1367801221,-3,0,0,0
1367872195,0,-1,0,0
1367888272,2,0,0,0
1367926536,1,0,0,0
1368560887,-1,0,0,0
1368563281,1,0,0,0
1368571025,0,0,0,0
1369146221,0,-3,0,0
1369730749,1,0,0,0
1374216698,1,0,0,0
1376317781,1,0,0,0
1376543897,1,0,0,0
1376622527,1,0,0,0
1377153410,2,1,0,0
1377238451,-7,-8,0,0
1382047650,-1,0,0,0
1382439684,1,-2,0,0
1382524959,0,0,0,0
1382549676,0,0,0,0
1382720827,2,0,0,0
1383120362,1,0,0,0
1383150071,1,1,0,0
1383515989,0,-1,0,0
1384181496,1,0,0,0
1384860009,0,-2,0,0
1385397722,-1,0,0,0
1385450915,0,0,0,0
1385648597,0,0,0,0
1386160931,2,0,0,0
1386170299,-1,0,0,0
1386181442,0,1,0,0
1386431159,1,1,0,0
1386597982,0,0,0,0
1386598048,-3,0,0,0
1386601235,-1,-1,0,0
1386772916,2,0,0,0
1386868162,2,2,0,0
1386929581,7,1,0,2
1386934207,7,0,0,2
1386964352,0,0,0,0
1386986970,-4,0,0,0
1387043113,-2,0,0,0
1387323103,0,0,0,0
1387360901,0,0,0,0
1387413760,0,0,0,0
1387470108,-1,0,0,0
1387473801,0,0,0,0
1387475281,0,0,0,0
1387484966,-1,0,0,0
1389865701,1,0,0,0
1389955417,-1,0,0,0
1389998466,2,0,0,0
1390058752,-2,0,0,0
1390058967,0,0,0,0
1390574117,1,0,0,0
1390819882,0,2,0,0
1390819883,0,14,0,0
1390819903,0,-15,0,0
1391074472,0,-1,0,0
1392329680,1,0,0,0
1393517166,0,0,0,0
1393806672,1,0,0,0
1393811564,-1,0,0,0
1393871136,3,0,0,0
1393981723,2,1,0,0
1393981724,-1,-1,0,0
1394145952,2,1,0,0
1395177475,0,0,0,0
1395177476,-1,0,0,0
1395177500,-3,-4,0,0
1395177504,3,0,0,0
1395444646,2,0,0,0
1396264902,1,1,0,0
1396374975,4,1,0,0
1396382078,5,1,0,0
1396731030,-1,0,0,0
1397053485,1,0,0,0
1397063504,2,0,0,0
1397219311,-1,0,0,0
1397426255,2,0,0,0
1397431293,-1,0,0,0
1397478295,-1,0,0,0
1397515294,-2,0,0,0
1397515314,-2,0,0,0
1397676644,0,2,0,0
1397728464,6,1,0,0
1397748332,0,-1,0,0
1397751007,-3,0,0,0
1397769720,6,0,0,0
1398271018,0,0,0,0
1398293409,2,0,0,0
1398447929,-2,-1,0,0
1398506485,-1,0,0,0
1398858084,3,0,0,0
1398875300,-3,0,0,0
1398875310,1,0,0,0
1399047540,7,0,0,0
1399300802,-2,-2,0,0
1399399752,0,0,1,0
1399496155,2,0,0,0
1399499416,-2,0,0,0
1399564666,1,1,0,0
1400037379,1,0,0,0
1400086806,0,0,0,0
1400142784,1,0,0,0
1400246238,2,0,0,0
1400573801,0,0,2,0
1400592961,4,0,0,0
1400608463,1,0,0,0
1401646509,1,0,0,0
1401714912,1,0,0,0
1401980007,1,0,0,0
1402126881,7,-12,0,0
1402428272,1,0,0,0
1402428395,7,-12,0,0
1402429248,1,0,0,0
1402429298,1,0,0,0
1402963657,1,0,0,0
1403271140,3,0,0,0
1403343820,0,0,0,0
1403464030,-6,-6,0,0
1403464040,-5,0,0,0
1403776510,1,0,0,0
1404831255,2,0,0,0
1404831313,0,0,0,0
1404926060,-1,0,0,0
1404930327,0,0,0,0
1404938564,0,0,0,0
1404941318,0,0,0,0
1404944469,0,0,0,0
1404946356,0,0,0,0
1405024514,0,0,0,0
1405101770,0,0,0,0
1405529391,-2,0,0,0
1406821655,2,0,0,0
1406830680,-1,0,0,0
1406853229,0,-1,0,0
1408370197,10,18,0,0
1408370198,-9,-4,0,0
1408370199,2,1,0,0
1408370200,0,1,0,0
1408370201,0,7,0,0
1408370202,2,-8,0,1
1408370203,1,0,0,0
1408370204,0,0,0,0
1408370205,-1,1,0,0
1408370206,0,1,0,0
1408370207,3,0,0,0
1408370208,1,17,0,2
1408370209,2,1,1,0
1408370210,-3,2,1,-1
1408370211,0,4,0,0
1408370212,1,14,0,0
1408370213,0,6,0,0
1408370214,-3,1,-1,1
1408370215,0,0,0,0
1408370216,0,0,0,0
1408370217,-3,10,0,0
1408370218,1,5,0,0
1408370219,0,2,0,0
1408370220,3,2,0,0
1408370221,-3,-5,0,0
1408370222,2,1,0,0
1408370223,6,-17,0,0
1408370224,0,0,0,0
1408370225,1,1,2,0
1408370226,-1,-1,3,0
1408370227,-3,0,-1,0
1408370228,1,3,0,0
1408370229,0,0,0,0
1408370230,1,6,0,0
1408370231,-5,-12,-2,0
1408370232,0,2,2,0
1408370233,2,6,-4,0
1408370234,0,9,0,0
1408370235,-1,-4,0,0
1408370236,-4,-14,0,-3
1408370237,0,-2,-1,0
1408370327,-5,0,0,0
1408371102,-1,-1,0,0
1408371252,-2,0,0,0
1408371554,0,2,0,0
1408371673,0,-8,0,0
1408371729,0,0,0,0
1408371770,0,0,0,0
1408371796,-1,0,0,0
1408371823,0,-2,0,0
1408523905,1,0,0,0
1409338916,-2,-4,0,0
1409338917,1,1,0,-1
1409911022,0,-1,0,0
1411213324,5,0,0,0
1411213452,-5,1,0,0
1411236167,-1,0,0,0
1411236168,10,-8,-3,0
1411236169,0,-1,0,0
1411237258,0,0,0,0
1411237261,1,0,0,0
1411322126,2,0,0,0
1411372797,0,0,0,0
1411372798,0,0,0,0
1411581279,-3,-1,0,0
1412176298,0,0,0,0
1412346153,0,2,0,0
1412346154,1,0,0,0
1412347398,0,0,0,0
1412605211,2,1,0,2
1412690574,1,0,0,0
1412761141,1,0,0,0
1413294774,1,0,0,0
1413557335,1,0,0,0
1414409063,1,0,0,0
1415027086,3,0,0,0
1415027293,0,0,0,0
1415044729,1,0,0,0
1415137095,0,-1,0,0
1415702894,0,0,0,0
1415825287,1,0,0,0
1416309577,0,-2,0,0
1416493784,-1,0,0,0
1417108706,0,-1,0,0
1417794308,9,0,0,0
1417794309,1,-1,0,0
1417794310,2,0,0,0
1418030654,1,0,0,0
1418376987,1,0,0,0
1418571512,-1,0,0,0
1418925168,0,-1,0,0
1418925507,-10,1,0,0
1418925508,0,1,0,0
1418925509,-1,-1,0,0
1418925510,0,0,0,0
1418925512,0,-1,0,0
1418929647,0,-1,0,0
1420538822,-5,0,0,0
1420654570,3,0,0,0
1420720941,0,0,0,0
1420730997,2,0,0,0
1420731347,0,0,0,0
1421050512,-2,4,0,0
1421838095,1,0,0,0
1422034750,1,1,0,0
1422285966,0,0,0,0
1422405541,5,0,0,0
1422902425,0,0,0,0
1422960552,0,1,0,0
1423131484,2,0,0,0
1423144972,0,-1,0,0
1423158640,2,1,0,0
1423243717,-1,0,0,0
1423493136,1,0,0,0
1423570503,2,0,0,0
1423645020,-1,0,0,0
1423647967,0,1,0,0
1423647968,1,0,0,1
1423647969,-2,0,0,-1
1423647970,0,2,0,0
1423647972,0,1,0,0
1423647975,0,1,0,0
1423647976,-1,0,0,0
1423684602,-1,0,0,0
1424088367,-5,2,0,0
1424088368,0,0,0,0
1424264340,1,0,0,0
1424271128,1,0,0,0
1424361780,1,0,0,0
1424435130,1,0,0,0
1424445001,3,0,0,0
1424683371,-1,0,0,0
1424769270,1,0,0,0
1425489636,0,0,0,0
1425505086,-1,0,0,0
1425505121,0,8,0,0
1425995928,1,1,0,0
1425995929,0,1,0,0
1426156417,0,-1,0,0
1426697080,1,-1,0,0
1426698965,3,0,0,0
1426786256,0,0,0,0
1426795085,1,0,0,0
1426843273,0,0,0,0
1426843274,0,-1,0,0
1426847104,1,0,0,0
1427022665,0,-1,0,0
1427039049,0,-1,0,0
1427382261,-1,0,0,0
1427647227,0,0,0,0
1427713036,1,0,0,0
1427784999,1,0,0,0
1427998078,10,2,1,0
1428056724,2,0,0,0
1428327044,2,0,0,0
1428330445,-3,0,0,0
1428394453,0,0,0,0
1428415777,0,3,0,0
1428663519,0,0,0,0
1429090512,-1,-1,0,0
1429616249,4,0,0,0
1430297241,1,0,0,0
1430309155,1,0,0,0
1431371277,1,0,0,0
1431371624,-1,-1,0,0
1431432049,1,0,0,0
1431459357,0,0,0,0
1431459358,-3,0,0,0
1431503503,0,3,0,0
1431703039,1,0,0,0
1431981454,-2,0,0,0
1431984638,-1,0,0,0
1432046149,4,-2,0,0
1432053122,0,1,0,0
1432625417,1,0,0,0
1432735594,-1,0,0,0
1432737361,2,0,0,0
1432817062,0,0,0,0
1432904912,0,0,0,0
1433326911,0,1,0,0
1433420820,0,1,0,0
1433433099,1,0,0,0
1433741389,1,4,0,0
1434315446,3,0,0,0
1434315511,6,12,0,0
1434315552,1,0,0,0
1434315564,0,1,0,0
1434315576,0,10,0,0
1434315600,0,-20,0,0
1434315610,0,2,0,0
1434315670,1,0,0,0
1434315773,0,0,0,0
1434825423,0,0,0,1
1434989626,0,1,0,0
1435243086,1,0,0,0
1436617439,1,0,0,0
1436793281,1,0,0,0
1436802870,0,1,0,0
1436802871,1,0,0,0
1436966346,-1,0,0,0
1437411165,1,1,0,0
1437494294,1,0,2,0
1437565642,0,2,0,0
1437660695,0,0,0,0
1438097046,1,0,0,0
1438117086,1,0,0,0
1438267493,-1,0,0,0
1438704810,-2,0,0,0
1438716926,-1,0,0,0
1438716927,0,1,0,0
1438778795,-2,0,0,0
1438789237,-1,0,0,0
1438803435,0,-1,0,0
1438805348,0,-1,0,0
1438951802,0,-1,0,0
1439366713,1,0,0,0
1439469746,1,0,0,0
1439807719,2,0,0,0
1439999584,1,0,0,0
1440164487,1,0,0,0
1440178539,1,2,0,0
1440616363,-1,0,0,0
1440616371,0,0,0,0
1440672037,28,12,1,0
1440672038,-29,-12,-1,0
1440676540,0,-1,0,0
1440782435,0,0,0,0
1440951699,3,0,0,0
1440967157,-2,0,0,0
1441011751,2,0,0,0
1441018783,0,0,0,0
1441018851,2,0,0,0
1441018865,1,0,0,0
1441274447,1,0,0,0
1441738685,3,0,0,0
1442481573,0,-1,0,0
1442483252,0,-1,0,0
1442492509,1,0,0,0
1442492512,0,0,-1,0
1442570658,-1,0,0,0
1442571436,2,0,0,0
1443123598,1,0,0,0
1443452965,2,0,0,0
1443521887,1,0,0,0
1443682795,0,0,0,0
1443690159,1,0,0,0
1443690240,0,3,0,0
1444055795,2,3,0,0
1444130972,-2,-1,0,1
1444144446,0,0,0,0
1444248505,1,-2,0,0
1444312509,1,0,0,0
1444382159,-7,0,0,0
1444400361,1,0,0,0
1444404795,0,0,0,0
1444407895,1,0,0,0
1444901442,0,-1,0,0
1445001970,5,0,0,0
1445001971,-1,0,0,0
1445100302,1,0,0,0
1445257929,-1,0,0,0
1445261911,1,0,0,0
1445264257,-3,-1,0,0
1445293011,1,0,0,0
1445327854,0,0,0,0
1445418103,0,0,0,0
1445598097,0,0,0,0
1445609126,0,0,0,0
1445886278,0,0,0,0
1446111235,-1,-1,0,0
1447258115,-1,0,0,0
1447351482,0,0,0,0
1448353719,0,0,0,0
1448368284,0,1,0,0
1448385411,0,-1,-1,-5
1448491524,-42,-1,0,0
1448554589,1,0,0,0
1449049160,-3,-5,0,0
1449509010,-3,0,0,0
1449526184,-2,0,0,0
1449526281,-1,-1,0,0
1449592391,-1,0,0,0
1450111459,1,0,0,0
1450361988,1,0,0,0
1450712612,-1,0,0,0
1451299824,0,1,0,0
1451519126,1,0,0,0
1451519127,1,0,0,0
1451905742,-4,0,-1,0
1452526243,2,0,0,0
1452672575,0,1,0,0
1452766738,0,0,0,0
1452779215,0,0,0,0
1452805634,0,-2,0,0
1452854660,-10,-3,-1,0
1453135748,-1,0,0,0
1453266218,-2,0,0,0
1453318250,6,0,0,0
1453803444,1,0,0,0
1454421848,4,0,0,0
1454428544,0,0,0,0
1454509259,-1,0,0,0
1454527671,3,0,0,0
1454679829,1,0,0,0
1455101486,1,0,0,0
1455222843,2,0,0,0
1455314354,2,0,0,0
1455549373,0,1,0,0
1455549456,1,0,0,0
1455634373,0,-1,0,0
1455727063,0,0,0,0
1455876515,2,0,0,0
1455876561,-1,0,0,0
1456246257,-4,0,0,0
1456508638,2,0,0,0
1456516227,0,0,0,0
1456516584,2,0,0,0
1456516656,0,0,0,0
1456528720,0,0,0,0
1456529433,0,0,0,0
1456848141,-1,0,0,0
1456848177,-4,0,0,0
1456849481,-4,0,0,0
1457441341,-1,-2,0,0
1458137339,-1,0,0,0
1458145850,-1,-1,0,0
1458308688,0,1,0,0
1458308689,0,1,0,0
1458308692,0,-1,0,0
1458583829,1,0,0,0
1459248706,1,0,0,0
1459850394,1,0,0,0
1459866414,-1,0,0,0
1459869538,5,0,0,0
1460490494,2,0,0,0
1460502654,-1,0,0,0
1460571929,1,0,0,0
1460741894,0,0,0,0
1460990858,5,0,0,0
1461161201,1,0,0,0
1461666173,1,0,0,0
1462100316,2,0,0,0
1462389709,0,0,0,0
1463421808,2,0,0,0
1463601838,0,0,1,0
1463775456,1,0,0,0
1463939897,2,0,0,0
1464364603,1,0,0,0
1465304601,1,0,0,0
1465920682,1,0,0,0
1466027006,1,0,0,0
1466088497,2,-1,0,0
1466089084,1,0,0,0
1466152678,-1,0,0,0
1466687530,1,0,0,0
1466789678,4,0,0,0
1467052745,1,0,0,0
1467306272,0,0,0,0
1467396766,-1,0,0,0
1467726666,-1,0,0,0
1467740482,2,0,0,0
1467905058,0,0,0,1
1468274438,1,0,0,0
1468310981,0,1,0,0
1468411826,-1,0,0,0
1468441547,9,0,0,0
1469088690,1,0,0,0
1469453018,0,0,0,0
1469525443,0,0,0,0
1469529015,0,0,0,0
1469630409,0,0,-1,0
1470154861,1,0,0,0
1470419821,0,-1,0,0
1470677230,1,0,0,0
1470753725,4,0,0,0
1471453562,-2,0,0,0
1471969785,-1,0,0,0
1472464012,5,0,0,0
1472464118,5,0,0,0
1472483275,-1,-1,0,0
1472484430,3,0,0,0
1472484771,1,0,0,0
1472546392,3,0,0,0
1472563673,3,0,0,0
1472663071,1,0,0,0
1472663401,7,5,0,0
1472830377,-1,0,0,0
1472830893,1,0,0,0
1473368789,0,0,0,0
1474459924,1,0,0,0
1474626282,0,-1,0,0
1474994376,1,0,0,0
1475231926,6,1,0,0
1475505422,2,0,0,0
1475585033,0,-1,0,0
1475842467,0,0,0,1
1476124580,1,-1,0,0
1476432429,1,0,0,0
1476437615,1,0,0,0
1476762270,0,2,0,0
1476841980,0,-2,0,0
1476972861,3,4,0,0
1477046030,1,0,0,0
1477558932,0,0,0,1
1477582418,1,0,0,0
1477582633,1,0,0,0
1477591529,-1,0,0,0
1477937801,1,0,0,0
1478267816,1,0,0,0
1479200724,2,0,0,0
1479218219,1,0,0,0
1479319687,1,0,0,0
1479328172,1,0,0,0
1479339295,1,0,0,0
1479466248,-1,0,0,0
1479853012,1,0,0,0
1479853114,1,0,0,0
1479857360,1,0,0,0
1479906546,1,0,0,0
1480022562,3,0,0,-1
1480022575,1,0,0,0
1480247394,-2,0,0,1
1480363500,-1,3,0,0
1480597300,-1,0,0,0
1480624969,-1,3,0,0
1480685315,0,0,0,0
1480688275,1,0,0,0
1480980565,1,0,0,0
1481115912,1,1,0,0
1481195088,2,0,0,0
1481196434,1,0,0,0
1481564140,2,0,0,0
1481709237,2,0,0,0
1481715812,2,0,0,0
1481734251,0,0,0,0
1481798200,1,1,0,0
1482522855,1,0,0,0
1482522856,3,0,0,0
1482522857,1,3,0,0
1482522858,2,2,0,0
1482522859,-1,0,0,0
1482522860,6,3,0,0
1482522861,7,1,0,0
1482522862,3,1,0,1
1482522863,0,2,0,1
1482522864,3,0,0,0
1482522865,-5,-1,0,-1
1482522867,5,7,0,0
1484038075,1,0,0,0
1484038132,1,0,0,0
1484216798,-1,0,0,0
1484235693,-1,0,0,0
1484339359,3,0,0,0
1484339904,3,0,0,0
1484577468,2,0,0,0
1484594328,2,0,0,0
1484660667,6,3,0,0
1484660837,6,3,0,0
1485116541,-1,0,0,0
1485118419,0,4,0,1
1485163254,3,0,0,0
1485163465,3,0,0,0
1485179602,3,1,1,-1
1485181339,1,0,0,0
1485181367,1,0,0,0
1485247792,0,1,0,0
1485250954,3,1,1,-1
1485269495,0,1,0,0
1485384556,1,0,0,0
1486122374,1,0,0,0
1486478745,1,0,0,0
1486740510,-9,0,0,0
1487150653,0,0,0,0
1487167701,-1,0,0,0
1487253061,-1,0,0,0
1487441974,2,0,0,0
1487548884,-1,0,0,0
1487783817,2,0,0,0
1487783998,0,0,12,0
1487784118,2,0,0,0
1487865389,1,1,0,0
1487871589,1,0,0,0
1487948320,0,0,1,0
1488214488,2,0,0,0
1488232213,2,0,0,0
1488232219,1,0,0,0
1488239375,1,0,0,0
1488304750,2,0,0,0
1488304933,2,0,0,0
1488305067,-1,0,0,0
1488453790,0,0,0,0
1488459581,0,0,0,0
1488475635,1,0,0,0
1489149058,1,0,0,0
1489157282,0,0,1,0
1489419093,2,0,0,0
1489419758,2,0,0,0
1489419869,2,0,0,0
1489479789,1,0,0,0
1489479908,1,0,0,0
1489479975,1,0,0,0
1489585296,1,0,0,0
1489585414,1,0,0,0
1489599838,-1,0,0,0
1489606095,1,0,0,0
1489639280,2,0,0,0
1489660607,1,0,0,0
1489671806,1,0,0,0
1489685642,5,0,0,0
1489764761,1,0,0,0
1489819457,1,0,0,0
1490012403,0,0,0,1
1490193900,0,0,1,0
1490262475,0,0,0,0
1490273924,0,0,0,0
1490282941,0,0,2,0
1490329491,0,0,2,0
1490377879,6,0,0,0
1490457557,3,0,0,0
1490638274,1,0,0,0
1490934828,-4,-1,0,0
1490973365,2,0,0,0
1491417674,7,0,0,0
1491489242,-6,-3,0,0
1491566996,-2,0,0,0
1492569209,-2,0,0,0
1492690573,0,0,0,0
1493195810,1,0,0,0
1493201751,0,3,0,0
1493229257,1,0,0,0
1493236605,5,2,0,0
1493308611,0,-1,0,0
1493386068,0,1,0,0
1493403095,1,2,0,0
1493649310,3,0,0,0
1493731895,8,7,0,0
1493831843,3,0,0,0
1494092429,2,0,0,2
1494099604,3,2,0,2
1494145732,1,0,0,0
1494180263,7,1,0,0
1494186272,1,0,0,0
1494356853,2,0,0,0
1494363409,2,0,0,0
1494443317,1,0,0,0
1494499551,1,0,0,0
1494657469,3,0,0,0
1494666335,3,0,0,0
1494762590,5,0,0,0
1494763646,5,0,0,0
1494917581,1,0,1,0
1495001819,1,0,0,0
1495001929,1,0,0,0
1495024651,1,-3,0,0
1495024653,-1,0,0,0
1495024823,1,-3,0,0
1495024826,-1,0,0,0
1495032411,3,0,0,0
1495032774,3,0,0,0
1495184252,1,0,0,0
1495184407,2,0,0,0
1495184472,-1,0,0,0
1495203813,2,0,0,0
1495204136,2,0,0,0
1495527821,-3,0,0,0
1495527860,0,1,0,0
1495528042,0,1,0,0
1495529314,-3,0,0,0
1495529478,0,1,0,0
1495627333,1,0,0,0
1495630452,1,0,0,0
1495720832,0,-2,0,0
1495790937,0,0,0,1
1495819075,1,0,0,0
1495905863,1,0,0,0
1495961498,0,0,0,1
1496852938,5,0,0,0
1496854659,1,0,0,0
1496855175,1,0,0,0
1496855283,1,0,0,0
1496855365,1,0,0,0
1496855503,1,0,0,0
1497328621,2,0,0,0
1497328715,7,0,0,0
1497331231,2,0,0,0
1497332913,7,0,0,0
1497515678,1,0,0,0
1498015993,1,0,0,0
1498017257,1,0,0,0
1498374049,0,-2,0,0
1498718472,1,2,0,0
1498894422,4,0,0,0
1499156246,0,1,0,0
1499173045,-1,0,0,0
1499249418,0,1,0,0
1499282568,1,0,0,0
1499314317,0,1,0,0
1499777482,1,0,0,0
1499789965,2,1,0,0
1499899067,2,0,0,0
1499941062,0,0,0,0
1500387300,1,0,0,0
1500557203,1,0,0,0
1500811755,1,0,0,0
1500970016,1,0,0,0
1500970614,0,0,1,0
1501079480,1,0,0,0
1501084996,0,1,0,0
1501088110,1,-1,0,0
1501249009,0,-1,0,0
1501437265,1,0,0,0
1501587025,1,0,0,0
1501620731,1,0,0,0
1501660289,0,0,0,0
1501761022,-3,0,0,0
1502083796,1,0,0,0
1502189794,-5,-6,0,0
1502701584,7,0,0,0
1502801814,-3,-1,0,0
1503041372,-1,-1,0,0
1503156481,-1,0,0,0
1503470129,1,0,0,0
1503598628,-16,-1,0,0
1503652414,1,0,0,0
1503738659,2,0,0,0
1504474506,4,0,0,0
1504760073,1,0,0,0
1505740601,1,0,0,0
1505859747,0,0,0,0
1505860453,0,1,0,0
1505860691,0,-1,0,0
1505860824,0,0,0,0
1505922627,1,0,0,0
1505994377,1,0,0,0
1506354955,1,3,0,0
1506376022,0,-1,0,0
1506409590,0,-4,0,0
1506441847,2,0,0,0
1506499511,1,0,0,0
1506608986,2,2,0,0
1506967078,2,0,0,0
1507212387,3,0,0,0
1507304600,0,0,0,0
1507304713,2,0,0,0
1507316227,-1,0,0,0
1507568316,8,0,0,2
1507569104,1,0,0,0
1507647199,1,2,0,0
1507649654,0,0,0,0
1507715819,1,0,0,0
1507728810,1,0,0,0
1507728812,-1,1,0,0
1507825825,0,-1,0,0
1507936320,3,0,0,0
1508308828,0,-1,0,0
1508578816,0,0,0,1
1508597556,1,0,0,0
1508861310,2,0,0,0
1508861311,-2,0,0,0
1508928742,1,0,0,0
1508939746,1,0,0,0
1509037054,5,0,0,0
1509523433,1,0,0,0
1509547680,1,1,0,0
1509547921,2,1,0,0
1509597800,0,0,0,0
1509616757,0,0,0,0
1509637885,0,0,0,0
1509638685,3,0,0,0
1509646806,-2,0,0,0
1509723634,1,0,0,0
1509978006,-1,0,0,0
1509981553,1,0,0,0
1509991007,2,0,0,0
1510063662,1,2,0,0
1510063663,0,1,0,0
1510587471,18,0,0,0
1510591275,18,0,0,0
1510828332,-2,0,0,0
1510829146,-2,0,0,0
1511388690,2,0,0,0
1511393758,2,0,0,0
1511963573,0,-2,0,0
1512567196,1,0,0,0
1512573540,1,0,0,0
1513200921,1,0,0,0
1513258343,0,-1,0,0
1513258344,2,1,0,0
1513261599,-1,0,0,0
1513672409,3,0,0,0
1514568593,-1,0,0,0
1514737538,0,-1,0,0
1514738124,-2,0,0,0
1515161905,1,0,0,0
1515177486,2,0,0,0
1515408360,0,1,0,0
1515408361,2,0,0,0
1515507454,1,0,0,0
1515510651,0,0,0,0
1515666443,1,0,0,0
1515699581,0,0,0,0
1515699606,1,0,0,0
1515770044,-1,0,0,0
1515855678,1,0,0,0
1515920858,0,0,0,1
1516090404,2,0,0,0
1516285456,1,0,0,0
1516286125,1,0,0,0
1516295283,1,0,0,0
1516295284,0,0,0,0
1516400923,0,0,0,0
1516626397,8,2,0,0
1516692416,-1,0,0,0
1516783656,1,0,0,0
1516813574,1,0,0,0
1516969248,19,0,0,0
1516970986,-1,0,0,0
1517239420,9,0,0,0
1517396743,-1,0,0,0
1517405139,20,0,0,0
1517406263,0,0,0,0
1517406364,0,0,0,0
1517489695,3,0,0,0
1517489696,0,0,0,1
1517915730,-1,0,0,0
1517920463,1,0,0,0
1517934692,1,0,0,0
1517943538,2,0,0,0
1517943539,0,0,0,0
1518008821,5,0,0,0
1518302628,7,3,0,0
1518302632,-5,-3,0,0
1518433169,-1,0,0,0
1518680658,1,0,0,0
1518680659,-1,1,0,0
1518680660,0,0,0,0
1518722152,3,0,0,0
1518785736,2,0,0,0
1518855442,2,1,0,0
1518989074,1,0,0,0
1519039274,2,0,0,0
1519039285,1,0,0,0
1519039286,1,0,0,0
1519039287,8,3,0,0
1519039294,-1,0,0,0
1519039297,-1,0,0,0
1519039299,1,0,0,0
1519061869,0,0,0,0
1519121818,0,2,0,0
1519236845,0,0,0,0
1519249745,-1,0,0,0
1519249748,-1,0,0,0
1519309700,0,1,0,0
1519310294,0,1,0,0
1519406529,-1,0,0,0
1519406530,1,-1,0,0
1519568061,2,1,0,0
1519570794,1,0,0,0
1519644311,0,0,-2,0
1519655521,1,0,0,0
1519674120,1,0,0,0
1519718833,-2,-3,0,0
1519751194,0,1,0,0
1519754754,-1,0,0,0
1519759380,-1,1,0,0
1519828513,0,0,0,1
1519828722,0,0,0,1
1519973085,0,0,0,0
1519973166,1,0,0,0
1519973173,-1,0,0,0
1520032131,1,0,0,0
1520032141,1,0,0,0
1520032158,1,0,0,0
1520032169,1,0,0,0
1520442634,2,0,0,0
1520447729,2,1,0,0
1520454494,4,1,0,0
1520781441,0,0,0,0
1521713486,2,0,0,0
1521728665,2,0,0,0
1521804758,1,0,0,0
1521805171,1,0,0,0
1522681180,0,-1,0,0
1522682033,0,-1,0,0
1522853687,-1,0,0,0
1522854060,-1,0,0,0
1522854585,-18,0,0,0
1522855093,-18,0,0,0
1523906273,1,0,0,0
1523906274,0,0,1,0
1523906312,1,0,0,0
1523906313,0,0,1,0
1524124695,-1,0,0,0
1524124860,-1,0,0,0
1524407313,1,0,0,0
1524407315,1,0,0,0
1524429730,1,0,0,0
1524429750,1,0,0,0
1524760045,1,0,0,0
1524760188,1,0,0,0
1524906327,1,-3,0,0
1524906417,1,-3,0,0
1525267086,0,0,1,0
1525267171,0,0,1,0
1525286806,0,0,0,-1
1525332388,2,0,0,0
1525332452,2,0,0,0
1525336098,0,0,1,0
1525336161,0,0,1,0
1525420604,0,-1,0,0
1525661782,-2,0,0,0
1525674436,-2,0,0,0
1525940705,0,0,0,0
1525940735,0,0,0,0
1526549506,-1,0,0,0
1526549605,-1,0,0,0
1526649054,0,1,0,0
1526653711,0,1,0,0
1526976017,1,0,0,0
1526978430,-1,0,0,0
1526979152,1,0,0,0
1526979218,-1,0,0,0
1527029937,1,0,0,0
1527029990,1,0,0,0
1527160453,1,0,0,0
1527169220,-1,0,0,0
1527499265,4,0,0,0
1527753173,1,1,0,0
1528796721,1,0,0,0
1528876304,-1,0,0,0
1528894799,1,0,0,0
1529089579,1,0,0,0
1529325710,-1,0,0,0
1530017408,1,0,0,0
1530091721,1,-1,0,0
1530104620,1,-1,0,0
1530274739,1,0,0,0
1530639128,11,0,0,0
1530685359,1,0,0,0
1530698221,1,0,0,0
1530798703,1,0,0,1
1531145571,5,0,0,0
1531329387,0,0,0,0
1531381123,2,0,0,0
1531388775,1,0,0,0
1531389463,1,0,0,0
1531404901,5,0,0,0
1531422206,0,0,0,0
1531455032,1,0,0,0
1531455114,1,0,0,0
1531485571,0,0,0,0
1531641088,0,1,0,0
1531684051,1,0,0,0
1531689536,2,2,0,0
1531721446,2,0,0,1
1531767242,2,0,0,0
1531771917,3,3,0,0
1531914840,2,0,1,0
1531915044,2,0,1,0
1532066767,0,0,0,0
1532066955,0,0,0,0
1532095949,1,0,0,0
1532348478,1,0,0,0
1532362648,0,1,0,0
1532362793,0,1,0,0
1532692238,1,0,0,0
1532692331,1,0,0,0
1533133404,1,1,0,0
1533133580,1,1,0,0
1533212741,-9,1,0,0
1533213374,-9,1,0,0
1533224436,0,0,0,0
1533224709,0,0,0,0
1533229113,0,0,0,0
1533229266,0,0,0,0
1533306679,0,-1,0,0
1533306715,0,-1,0,0
1533306732,0,-1,0,0
1533318024,1,0,0,0
1533331651,1,0,0,0
1533595298,5,4,0,0
1533647766,0,1,0,0
1533647821,0,1,0,0
1534233643,0,0,1,0
1534259438,1,0,0,0
1534854671,1,0,0,0
1534883855,-7,-4,0,0
1535532069,2,0,0,0
1535541259,2,0,0,0
1535555335,0,0,0,0
1536405425,0,0,0,0
1536763178,0,0,0,0
1536763536,0,0,0,0
1536763667,0,0,0,0
1536909405,1,0,0,0
1536930104,1,0,0,0
1536945094,0,0,0,1
1536954663,0,0,0,1
1536954724,0,0,0,1
1537192317,0,-1,0,1
1537341340,-8,0,1,0
1537341341,1,0,0,0
1537815111,1,0,0,0
1537818916,1,0,0,0
1537820244,1,0,0,0
1538127759,0,0,0,0
1538127762,0,0,0,0
1538385044,1,0,2,0
1538638779,0,-1,0,0
1538639185,0,-1,0,0
1538639367,0,-1,0,0
1539072566,1,0,0,0
1539094609,1,0,0,0
1539149027,5,1,0,0
1539149040,0,0,0,0
1539149054,2,0,0,0
1539149114,-1,0,0,0
1539271394,3,1,0,0
1539589511,-1,0,0,0
1539679694,-2,0,0,0
1539691071,0,1,0,0
1539704473,8,0,0,2
1539728354,0,-1,0,0
1539882449,-1,0,0,0
1540285000,-1,0,0,0
1540389860,0,0,0,0
1540894120,2,1,0,0
1540907751,-6,-1,0,0
1540920690,0,1,0,0
1540975760,1,0,0,0
1541068546,0,1,0,0
1541501110,3,0,0,0
1541502937,3,0,0,0
1542484252,0,0,1,0
1542484268,0,0,1,0
1542484280,0,0,1,0
1542484291,0,0,1,0
1543586152,0,-2,0,0
1543836123,7,0,0,0
1543940476,-1,0,0,0
1543940744,-1,0,0,0
1544521602,-1,0,0,0
1544531897,-1,0,0,0
1545035106,13,6,0,1
1546179377,-1,0,0,0
1546956803,4,0,0,0
1546966116,1,0,0,0
1547021580,1,0,0,0
1547022221,-1,0,0,0
1547026204,0,3,0,0
1547046232,-2,0,0,0
1547191834,-3,0,0,-1
1547219551,-1,0,0,0
1547219755,-1,0,0,0
1547219864,-1,0,0,0
1547635808,0,-1,0,0
1547641757,0,-1,0,0
1547644408,1,0,0,0
1547675340,2,1,0,0
1547725996,-1,0,0,0
1548322471,-1,0,0,0
1548745569,2,0,0,0
1548746149,2,0,0,0
1548866156,-1,0,0,0
1548883368,0,0,0,0
1548907430,96,49,2,0
1548925625,0,0,0,0
1548932775,-1,0,0,0
1548947871,-2,0,0,0
1549034017,1,0,0,0
1549296629,-1,0,0,0
1549360057,-1,0,0,0
1549365080,0,2,0,0
1549541123,-1,0,0,0
1550220073,-3,0,0,0
1550581511,1,0,0,0
1550594263,-1,0,0,0
1550683189,-2,0,0,0
1550821416,1,0,0,0
1550863001,1,0,0,0
1551133729,1,0,0,0
1551262623,1,0,0,0
1551262715,1,0,0,0
1551349570,1,0,0,0
1551351726,-1,0,0,0
1551351727,-1,0,0,0
1551351728,-3,0,0,0
1551352042,-1,0,0,0
1551352044,-1,0,0,0
1551352045,-1,0,0,0
1551352046,-2,0,0,0
1551425670,0,0,0,1
1551446933,0,0,0,1
1551452409,3,0,0,0
1551687889,1,0,0,0
1551706859,2,2,0,0
1551727670,0,0,0,0
1551727838,0,0,0,0
1551793956,0,-1,0,0
1551799841,1,-1,0,0
1551799850,-1,0,0,0
1551853863,1,0,0,0
1551865678,1,0,0,0
1551983212,1,0,0,0
1551983254,1,0,0,0
1552036161,1,0,0,0
1552278207,1,0,0,0
1552308206,0,1,0,0
1552385617,2,2,0,0
1552560519,1,0,0,0
1552570583,-1,0,0,0
1552636711,2,0,0,0
1552645762,2,1,0,0
1552660207,1,1,0,0
1552896185,2,0,5,0
1552910689,1,0,0,0
1553008067,0,1,0,1
1553062686,0,1,0,0
1553275486,1,1,0,0
1553605089,0,1,0,0
1553690285,-1,-4,-1,0
1553761643,-1,0,0,0
1553762731,1,0,0,0
1553832919,1,0,0,0
1553864131,14,3,0,0
1553923873,11,0,1,0
1554160379,3,0,0,0
1554193177,1,0,0,0
1554281226,1,0,0,0
1554380215,0,-2,0,0
1554689076,2,0,0,0
1554811452,2,1,0,0
1554886409,-1,0,0,0
1554899892,3,2,0,0
1554990792,-2,0,0,0
1555040693,2,0,0,0
1555051780,0,1,0,0
1555156988,4,0,0,0
1555318594,1,1,0,0
1555328990,2,0,0,0
1555329132,0,8,0,0
1555381975,4,1,0,0
1555501720,0,0,0,0
1555501794,0,0,0,0
1555552596,0,1,0,0
1555595245,0,0,0,0
1555654997,1,0,0,0
1555655377,1,1,0,0
1555738480,-1,0,0,0
1555927075,0,1,0,0
1556001093,1,1,0,0
1556010463,3,0,0,0
1556094534,0,-1,0,0
1556094540,1,0,0,0
1556174146,2,1,0,0
1556192911,0,1,0,0
1556288011,0,-1,0,0
1556358337,0,-1,0,0
1556432584,4,2,0,0
1556456655,0,0,0,0
1556612379,0,2,0,0
1556775301,0,1,0,0
1556790267,1,0,0,0
1556887109,1,0,0,0
1557042394,1,0,0,0
1557135023,2,0,0,0
1557135385,1,0,0,0
1557162773,5,0,0,0
1557179468,0,6,0,0
1557215050,1,1,0,0
1557254577,-2,2,0,0
1557385041,1,0,0,0
1557405282,-1,0,0,0
1557405331,2,0,0,0
1557474075,1,4,0,0
1557509819,1,0,0,0
1557509820,0,-2,0,1
1557577953,11,7,0,0
1557740179,7,0,0,0
1557761916,1,0,0,0
1557775149,1,-2,0,0
1557877419,0,-2,0,0
1557918648,1,0,0,0
1558068432,-1,0,0,0
1558126192,0,0,0,0
1558183166,2,1,0,0
1558405706,0,1,0,0
1558479606,0,0,0,0
1558492068,0,1,0,0
1558513853,1,0,0,0
1558583904,0,0,0,1
1558593924,4,0,0,0
1558594130,2,0,0,0
1558598290,1,0,0,0
1558627996,0,0,0,0
1558632219,0,1,0,0
1558674194,0,2,0,0
1558690389,2,0,0,0
1558692482,4,0,0,0
1559056984,0,0,0,0
1559063161,-1,1,0,0
1559110678,1,0,0,0
1559136081,0,4,0,0
1559201811,2,2,0,0
1559211720,0,-1,0,0
1559294919,3,0,0,0
1559301448,2,0,0,0
1559330242,0,4,0,0
1559594228,2,7,0,0
1559642096,0,0,0,0
1559652704,0,0,0,0
1559670609,2,0,0,0
1559715567,1,0,0,0
1559739539,3,1,0,0
1559739639,1,0,0,0
1559745733,1,0,0,0
1559814010,-1,0,0,0
1559842672,0,-1,0,0
1559852956,1,0,0,0
1559861469,-1,1,0,0
1559897573,0,0,0,0
1559951816,0,1,0,0
1560214419,0,0,0,0
1560336009,0,2,0,0
1560362786,0,1,0,0
1560407882,-1,0,0,0
1560420514,0,-8,0,0
1560430180,1,0,0,0
1560494036,1,0,0,0
1560498101,0,0,0,0
1560498683,1,0,0,0
1560503266,0,0,0,0
1560515776,0,0,0,0
1560537012,1,0,0,0
1560744353,0,0,0,0
1560793918,3,2,0,0
1560888180,0,3,0,0
1560898264,-1,-1,0,0
1560943020,1,0,0,0
1560970720,0,0,0,-1
1560976722,0,2,0,0
1561023157,2,0,0,0
1561028041,1,2,0,0
1561057878,1,0,0,0
1561058300,2,3,0,0
1561116972,0,1,0,0
1561126307,1,0,0,0
1561128499,2,0,0,0
1561244496,0,1,0,0
1561292531,1,0,0,0
1561361744,0,-1,0,0
1561400603,2,0,0,0
1561474828,0,1,0,0
1561491003,0,-2,0,0
1561518297,0,1,0,0
1561541434,3,1,0,0
1561569497,-1,-1,0,0
1561656580,0,-1,0,0
1561656953,1,1,0,0
1561710587,2,0,0,0
1561716558,0,0,0,0
1561729072,2,1,0,0
1561739852,0,-1,0,0
1561820483,3,-1,0,0
1561831852,2,1,0,0
1561957316,0,-2,0,0
1561992055,0,1,0,0
1562005778,0,-1,0,0
1562059078,1,0,0,0
1562062681,-1,0,0,0
1562065801,0,1,0,0
1562079941,-1,0,0,0
1562080083,-1,0,0,0
1562082326,-2,0,0,0
1562092622,0,-2,0,0
1562194978,0,0,0,0
1562206866,-4,-2,0,0
1562224165,1,0,0,0
1562245106,2,0,0,0
1562245357,0,2,0,0
1562291206,2,0,0,0
1562291876,1,0,0,0
1562297676,2,0,0,0
1562309039,1,0,0,0
1562330691,1,0,0,0
1562330692,1,0,0,0
1562353594,1,0,0,0
1562574391,1,1,0,0
1562596546,-1,0,0,0
1562609454,-1,0,1,0
1562656879,0,1,0,0
1562674044,2,0,0,0
1562676357,1,0,0,0
1562681889,-1,0,0,0
1562688946,2,0,0,0
1562689989,-2,0,0,0
1562805122,-1,0,0,0
1562909064,1,0,0,0
1562911397,1,0,0,0
1562938647,2,0,0,0
1562938742,-1,0,0,0
1562950890,0,1,0,0
1562951177,0,1,0,0
1563193159,-1,0,0,0
1563193283,-1,0,0,0
1563195328,2,0,0,0
1563195431,2,0,0,0
1563208238,0,-1,0,0
1563208387,0,-1,0,0
1563224383,2,0,0,0
1563224796,2,0,0,0
1563248570,-1,-1,0,0
1563248721,-1,-1,0,0
1563364175,3,0,0,0
1563364239,3,0,0,0
1563474509,-2,0,0,0
1563475039,-2,0,0,0
1563510788,8,4,0,0
1563511262,8,4,0,0
1563543095,1,0,0,0
1563543520,1,0,0,0
1563807580,1,0,0,0
1563808143,1,0,0,0
1563889774,0,0,0,0
1563889942,0,0,0,0
1563895785,1,0,0,0
1563896537,1,0,0,0
1563945016,0,0,0,0
1563945066,0,0,0,0
1563957700,0,0,0,0
1563957739,0,0,0,0
1563973975,3,0,0,0
1563974110,3,0,0,0
1564049810,0,1,0,0
1564063032,0,1,0,0
1564067130,-3,0,0,-1
1564067216,-3,0,0,-1
1564384141,0,1,0,0
1564384835,0,1,0,0
1564489981,-2,0,0,0
1564492763,-2,0,0,0
1564511119,0,0,0,0
1564511183,0,0,0,0
1564562357,1,0,0,0
1564562395,-1,0,0,0
1564562637,1,0,0,0
1564562679,-1,0,0,0
1564632369,1,0,0,0
1564632483,1,0,0,0
1564642886,1,0,0,0
1564642893,2,0,0,0
1564643141,1,0,0,0
1564643165,2,0,0,0
1564699536,0,0,0,0
1564699849,0,0,0,0
1564711598,0,0,0,0
1564711799,0,0,0,0
1564740032,1,0,0,0
1564741862,1,0,0,0
1564776001,-5,0,0,0
1565019072,0,0,1,0
1565019525,0,0,1,0
1565155363,1,0,0,0
1565164508,1,0,0,0
1565189385,3,0,0,0
1565192190,5,0,0,0
1565192191,2,0,0,0
1565225923,7,0,0,0
1565269451,2,0,0,0
1565269978,2,0,0,0
1565620842,1,0,0,0
1565729779,1,0,0,0
1565730056,1,0,0,0
1565992126,-1,0,0,0
1566123778,1,0,0,0
1566124123,1,0,0,0
1566232573,1,0,0,0
1566387934,-1,0,0,0
1566388615,-3,0,0,0
1566400096,1,0,0,0
1566573673,0,0,0,0
1566930971,0,0,0,0
1567006806,1,0,0,0
1567161864,-1,0,0,0
1567424413,0,2,0,0
1567424609,0,2,0,0
1567516464,1,0,0,0
1567516880,1,0,0,0
1567517247,1,0,0,0
1567519147,0,0,0,0
1567606017,1,0,0,0
1567716998,2,0,0,0
1567756234,-1,0,0,0
1567770149,-3,0,0,0
1567776472,-1,-1,0,0
1568627840,-1,0,0,0
1568705408,-1,0,0,0
1568799707,1,0,0,0
1568799755,1,0,0,0
1568806771,0,2,0,0
1568809710,1,0,0,0
1569235340,0,0,0,0
1569240692,1,0,0,0
1569346788,1,0,0,0
1569421192,1,0,0,0
1569421300,1,0,0,0
1569586690,2,0,0,0
1569652956,0,0,0,0
1569653108,-4,-4,0,0
1569847506,0,0,0,0
1570016677,0,0,0,0
1570032019,2,0,0,0
1570527803,-3,-2,0,-2
1570812142,-1,0,0,0
1571039770,3,0,0,0
1571120224,2,0,0,0
1571130942,0,-1,0,0
1571163190,0,-1,0,0
1571227561,2,-1,0,0
1571227562,0,1,0,0
1571227563,0,0,0,0
1571448183,-1,0,0,0
1571838961,1,0,0,0
1571867104,0,1,0,0
1571986464,0,1,0,0
1572017273,0,0,0,0
1572017654,1,2,0,0
1572017658,0,0,0,0
1572017659,-1,0,0,0
1572037258,0,-2,0,0
1572250849,1,0,0,0
1572250854,2,0,0,0
1572336224,2,0,0,0
1572354007,2,1,0,0
1572370113,0,0,0,0
1572445698,1,0,0,0
1572460512,1,0,0,0
1572510186,-1,0,0,0
1572547364,0,0,0,0
1572611944,2,0,0,0
1572629669,1,0,0,0
1572949434,1,0,0,0
1573080877,1,0,0,0
1573080915,1,0,0,0
1573080949,1,0,0,0
1573132903,-1,0,0,0
1573135000,1,0,0,0
1573147908,7,0,0,0
1573166019,1,0,0,0
1573204785,1,-1,0,0
1573254886,-1,0,0,0
1573542241,0,-2,0,0
1573563017,1,1,0,0
1573589348,-1,0,0,0
1573703723,0,-1,0,0
1573741220,2,1,0,0
1573748980,1,0,0,0
1573802839,0,0,0,0
1573827185,0,0,0,0
1573839837,0,0,0,0
1573847850,5,0,0,1
1574156362,0,0,0,0
1574158031,1,0,0,0
1574178868,0,0,0,0
1574221348,-2,0,0,0
1574221349,1,0,0,0
1574231203,1,-1,0,0
1574252117,0,-1,0,0
1574258732,0,0,0,0
1574413970,-1,0,0,0
1574425019,1,0,0,0
1574651844,0,0,0,0
1574747982,1,0,0,0
1574779673,5,0,0,0
1574826911,1,0,0,0
1575268600,0,0,0,0
1575274120,3,0,0,0
1575301958,6,0,0,0
1575337458,3,0,0,0
1575337477,-2,-2,0,0
1575360395,-1,-2,0,0
1575369058,1,0,0,0
1575379440,-1,0,0,0
1575386971,-2,0,0,-2
1575473395,-2,0,0,0
1575496306,0,0,1,0
1575509487,0,-1,0,0
1575596567,1,0,0,0
1575630276,3,0,0,0
1575640631,3,0,0,0
1575644605,2,-1,0,0
1575684556,1,0,0,0
1575687055,0,1,0,0
1575695131,0,1,0,0
1575698112,1,2,0,0
1575720999,2,0,0,0
1575731813,0,-1,0,0
1575758073,-1,0,0,0
1575788199,1,0,0,0
1575822108,1,0,0,0
1575893908,0,1,0,0
1576069281,2,0,0,0
1576154440,0,1,0,0
1576154964,0,1,0,0
1576241800,1,0,0,0
1576529923,2,0,0,0
1576583569,2,0,0,0
1576584834,2,0,0,0
1576659087,0,0,0,0
1576662007,0,0,0,0
1576675350,1,0,0,0
1576675467,1,0,0,0
1576678551,1,0,0,0
1576678657,1,0,0,0
1576773443,0,0,0,0
1576773933,0,0,0,0
1576824746,1,0,0,0
1576825180,1,0,0,0
1577334416,1,0,0,0
1577334593,1,0,0,0
1577940183,1,0,0,0
1577940398,1,0,0,0
1577969608,-1,0,0,0
1577969715,-1,0,0,0
1578068264,1,0,0,0
1578187024,0,-1,0,0
1578264540,1,0,0,0
1578363565,-1,0,0,0
1578549455,5,0,0,2
1578549505,2,0,0,0
1578549656,5,0,0,2
1578549666,2,0,0,0
1578572823,0,-1,0,0
1578644500,2,0,0,0
1578887260,1,1,0,0
1578897310,1,1,0,0
1578923155,-12,0,0,0
1579144750,0,0,0,0
1579166145,0,0,0,1
1579166211,0,0,0,1
1579186828,0,0,0,0
1579187569,0,0,0,0
1579271692,2,0,0,0
1579271731,2,0,0,0
1579575112,-1,0,0,0
1579575177,-1,0,0,0
1579681327,2,0,0,0
1579681328,1,0,0,0
1579783662,1,0,0,0
1580286922,0,0,1,0
1580286994,0,0,1,0
1580305882,-1,2,0,0
1581042236,9,3,0,1
1581042458,9,3,0,1
1581389049,-2,0,0,0
1581438745,-3,0,0,0
1581495894,3,1,0,0
1581583284,0,-1,0,0
1581599267,2,0,0,0
1581667662,0,0,0,0
1581669761,-3,0,0,0
1581746833,0,1,0,0
1581927380,0,1,0,0
1582008881,-1,0,0,0
1582043187,0,0,0,0
1582120957,-1,0,0,0
1582282772,2,0,0,0
1582667932,-4,0,0,0
1582668047,0,0,0,0
1582878568,1,2,0,0
1582954939,0,0,0,0
1583062927,4,0,0,0
1583080740,1,0,0,0
1583153270,-1,0,0,0
1583235572,-1,0,0,0
1583241517,0,0,0,0
1583371059,0,0,0,6
1583371060,0,0,0,5
1583408420,1,0,0,0
1583408529,1,0,0,0
1583419352,2,0,0,0
1583419873,3,0,0,0
1583458165,3,0,0,0
1583810394,3,0,0,0
1583856967,0,0,0,1
1583893956,6,0,0,0
1583915470,2,0,4,0
1583916536,2,0,4,0
1584023480,-2,0,0,0
1584068317,0,-1,0,0
1584092364,1,0,0,0
1584104307,0,0,0,0
1584611115,1,0,0,0
1584946996,0,0,0,1
1584965155,0,0,0,0
1585035874,3,0,0,0
1585036027,3,0,0,0
1585063765,1,0,0,0
1585145195,4,1,0,0
1585205731,0,-1,0,0
1585245711,0,0,0,1
1585360197,7,0,0,0
1585401777,1,0,0,0
1585401991,1,0,0,0
1585620682,-1,0,0,0
1585620685,-6,0,0,0
1585620690,-1,0,0,0
1585620693,-34,-12,0,-2
1585753633,3,0,0,0
1585815211,1,0,0,0
1585840485,2,0,0,0
1585846569,1,0,0,0
1586107879,-1,0,0,0
1586250989,-1,0,0,0
1586273096,1,0,0,0
1586341118,-1,0,0,0
1586348069,2,0,0,0
1586368948,0,0,0,0
1586368949,1,0,0,0
1586509482,1,1,0,0
1586873449,4,0,0,0
1586957572,1,0,0,0
1586963029,0,3,0,0
1587005728,0,1,0,0
1587007292,-1,0,0,0
1587108635,1,0,0,0
1587108658,0,1,0,0
1587115053,-1,0,0,0
1587214183,1,0,0,0
1587221368,3,0,0,0
1587375883,0,0,0,1
1587434975,-1,0,0,0
1587460513,1,0,0,0
1587642905,0,0,0,0
1587720475,1,0,0,0
1587771899,0,1,0,0
1587949525,1,0,0,0
1587967252,1,0,0,0
1588105081,1,0,0,0
1588140844,-4,0,0,0
1588140852,2,0,0,0
1588140859,6,-1,0,0
1588140864,-8,0,0,0
1588140868,0,0,0,0
1588140873,0,0,0,0
1588159010,-1,0,0,0
1588239994,7,0,0,0
1588249208,0,0,0,0
1588277277,0,0,0,0
1588691880,3,0,0,0
1588704126,3,0,0,0
1588736418,6,0,0,0
1588902147,1,0,0,0
1588989633,4,0,0,0
1589079118,1,0,0,0
1589247434,1,0,0,0
1589270158,1,1,0,0
1589275031,1,0,0,0
1589314566,1,0,0,0
1589333896,2,1,0,0
1589338813,0,2,1,0
1589353970,1,0,0,0
1589374549,0,0,0,0
1589423560,0,0,0,0
1589441253,-1,0,0,0
1589499991,1,0,0,0
1589507101,1,0,0,0
1589521850,-2,0,0,0
1589599503,-1,0,0,0
1589603395,0,1,0,0
1589618707,0,-1,0,0
1589621096,1,0,0,0
1589625029,1,0,0,0
1589625035,1,0,0,0
1589626720,3,3,0,0
1589639538,2,0,0,0
1589642797,0,1,0,0
1589646356,1,0,0,0
1589681427,0,7,0,0
1589700642,0,1,0,0
1589700898,1,0,0,0
1589720827,-2,1,0,0
1589722222,-2,0,0,0
1589723251,4,0,0,1
1589726079,2,1,1,1
1589726087,2,0,1,1
1589729583,2,0,0,0
1589734139,0,0,0,0
1589742158,1,0,0,0
1589743930,0,0,0,0
1589743931,3,0,0,0
1589746863,0,1,0,0
1589750604,-3,0,0,0
1589775058,0,0,0,0
1589776238,0,0,0,0
1589785076,2,2,0,1
1589788886,2,0,0,0
1589789554,-2,-2,0,-1
1589792113,1,0,0,0
1589795815,-3,0,0,0
1589800501,-2,0,0,0
1589806618,2,2,0,1
1589806686,0,2,0,0
1589806688,2,0,0,0
1589806689,0,0,0,1
1589825574,2,1,0,0
1589825719,2,1,0,0
1589828859,1,0,0,0
1589828990,1,0,0,0
1589856468,-1,0,0,0
1589856774,-1,0,0,0
1589861182,0,1,0,0
1589861405,0,1,0,0
1589869017,2,0,0,0
1589874362,1,0,0,0
1589894881,1,0,0,0
1589895428,1,0,0,0
1589940020,-1,0,0,0
1589940831,-1,0,0,0
1589955690,1,0,0,0
1589957880,0,1,0,0
1589957919,0,1,0,0
1589958155,1,0,0,0
1589976780,0,0,0,0
1589977067,0,0,0,0
1590003264,-1,0,0,0
1590003830,-1,0,0,0
1590049282,0,1,0,0
1590049315,0,1,0,0
1590387712,1,0,0,0
1590482841,-1,0,0,0
1590482992,-1,0,0,0
1590578396,0,1,0,0
1590578474,0,1,0,0
1590595720,3,0,0,0
1590597128,3,0,0,0
1590633173,-1,0,0,0
1590633201,-1,0,0,0
1590646132,-1,0,0,0
1590646163,-1,0,0,0
1590646436,1,0,0,0
1590646467,1,0,0,0
1590666376,-1,0,0,0
1590667053,-1,0,0,0
1590667058,-1,0,0,0
1590669918,-1,0,0,0
1590683351,-1,0,0,0
1590691492,2,0,0,0
1590691991,2,0,0,0
1590693025,1,0,0,0
1590845671,2,0,0,1
1590845819,2,0,0,1
1590905269,1,0,0,0
1590905270,1,1,0,0
1591068392,-1,0,0,0
1591068452,-1,0,0,0
1591108949,0,0,0,0
1591109181,0,0,0,0
1591109396,0,0,0,0
1591119680,0,1,0,0
1591119711,0,1,0,0
1591186207,0,1,0,0
1591188410,10,0,0,0
1591188441,-1,0,0,0
1591189578,10,0,0,0
1591189579,-1,0,0,0
1591196091,0,2,0,0
1591196448,1,0,0,0
1591196897,0,2,0,0
1591197256,0,2,0,0
1591197562,-1,0,0,0
1591198581,-1,0,0,0
1591324007,1,0,0,0
1591324328,1,0,0,0
1591621687,-1,0,0,0
1591626589,3,0,0,0
1591675082,1,0,0,0
1591675150,1,0,0,0
1591702058,2,0,0,0
1591710673,2,0,0,0
1591724170,1,0,0,0
1591724225,1,0,0,0
1591803049,8,-1,0,0
1591857809,2,0,0,0
1591858208,2,0,0,0
1591888989,1,0,0,0
1592291739,2,0,0,0
1592291803,1,0,0,0
1592291812,1,0,0,0
1592325591,1,0,0,0
1592359703,1,0,0,0
1592397140,0,-1,0,0
1592397180,0,-1,0,0
1592400730,-1,0,0,0
1592401648,-1,0,0,0
1592402532,-2,0,0,0
1592444760,-2,0,0,0
1592617490,1,1,0,0
1592618044,1,1,0,0
1592643546,0,-1,0,0
1592643604,-2,0,0,0
1592840644,2,0,0,0
1593777290,1,0,0,0
1593782066,1,0,0,0
1594301678,0,-1,0,0
1594975801,2,0,0,0
1595335465,3,-1,0,0
1595419588,1,0,0,0
1595482534,0,0,0,2
1595483509,0,-2,0,0
1595517669,2,0,0,0
1596093029,-1,0,0,0
1596095744,2,0,0,0
1596699099,1,0,0,0
1596796037,1,0,0,0
1596796091,1,0,0,0
1596796166,1,0,0,0
1597137625,1,0,0,0
1597369935,1,0,0,0
1597370071,1,0,0,0
1597391168,-2,-4,0,0
1597569024,0,0,0,0
1597613259,1,0,0,0
1598342658,0,0,0,2
1598494813,0,0,0,0
1598536753,-1,0,0,0
1598846632,-1,0,0,0
1599114220,-4,0,0,0
1599138979,1,0,0,0
1599463996,-6,0,0,-1
1599530650,-5,0,0,-2
1599601108,1,0,0,0
1599611929,1,0,0,0
1599636233,1,0,0,0
1599739023,2,0,0,0
1599739151,2,0,0,0
1599841522,-1,0,0,0
1600112769,1,0,0,0
1600163916,2,0,0,0
1600180941,-13,0,0,-2
1600184842,1,0,0,0
1600185122,-1,0,0,0
1600243427,1,0,0,0
1600272670,-1,0,0,0
1600666655,1,0,0,0
1600686172,0,0,0,0
1600704292,11,1,1,2
1600869942,-1,0,0,0
1600877467,0,-1,0,1
1600941357,1,0,0,0
1600941369,0,1,0,0
1600941370,1,1,0,0
1600942272,0,-2,0,0
1601020024,1,0,0,0
1601041844,1,0,0,0
1601045409,0,0,0,0
1601205854,2,0,0,0
1601302126,4,0,0,0
1601534367,1,0,0,0
1601564624,3,0,0,0
1601564625,3,0,0,0
1601638255,1,0,0,0
1601669984,1,0,0,0
1601670117,-1,0,0,0
1601990999,1,0,0,2
1601993546,2,0,0,0
1602249707,1,0,0,0
1602254768,2,0,0,0
1602254788,0,-1,0,0
1602263173,-1,0,0,0
1602499422,0,0,0,0
1602509473,-1,0,0,0
1602517256,0,0,0,-1
1602517265,1,0,0,0
1602517285,1,0,0,0
1602556327,0,1,0,0
1602589730,4,0,0,0
1602596963,1,0,0,0
1602601763,1,0,0,0
1602841469,2,0,0,0
1602860685,0,0,0,0
1603032768,-1,-1,0,0
1603122947,0,1,0,0
1603142010,0,0,0,0
1603159117,2,1,0,0
1603183235,8,6,0,0
1603184250,0,0,0,1
1603202156,0,0,0,1
1603212975,0,0,0,0
1603337606,0,0,0,1
1603369743,-2,0,0,0
1603481077,-2,0,0,0
1603482576,1,0,0,0
1603568266,0,1,0,0
1603785677,2,0,0,0
1603805336,0,0,0,0
1603851957,2,0,0,0
1603957328,0,1,0,0
1603971041,0,1,0,0
1603974784,1,0,0,0
1604023959,0,0,0,0
1604025661,1,0,0,0
1604057904,1,0,0,0
1604306052,1,0,0,0
1604314905,1,0,0,0
1604325241,-1,0,0,0
1604417608,1,0,0,0
1604475380,1,0,0,0
1604563225,1,0,0,0
1604570395,0,0,0,0
1604570396,1,0,0,0
1604571343,1,0,0,0
1604571344,1,0,0,0
1604571345,3,0,0,0
1604581706,1,0,0,0
1604582238,0,0,0,1
1604587838,1,0,0,0
1604603321,-10,0,0,0
1604646237,2,0,0,0
1604662539,3,0,0,0
1604670620,0,0,0,0
1604673062,1,0,0,0
1604681412,2,0,0,0
1604716048,2,0,0,0
1604717977,1,1,0,0
1604730236,0,0,0,0
1604740929,2,0,0,0
1604747899,-1,0,0,0
1604765015,72,0,0,0
1604768071,0,1,0,0
1604786913,1,0,0,0
1604786914,1,0,0,0
1604848044,3,1,0,0
1604889997,1,0,0,0
1604977046,1,0,0,0
1605063714,-1,0,0,0
1605188766,0,0,0,0
1605464353,-1,0,0,0
1605464573,-1,0,0,0
1605464936,1,0,0,0
1605465012,-1,0,0,0
1605519512,1,0,0,0
1605544158,0,0,0,0
1605544159,1,0,0,0
1605680388,2,0,0,0
1605680487,1,0,0,0
1605680611,1,0,0,0
1605680612,1,0,0,0
1605717092,1,0,0,0
1605863173,0,1,0,0
1606079407,0,0,0,2
1606131345,1,0,0,0
1606214146,-1,0,0,0
1606303174,2,0,0,0
1606303211,2,0,0,0
1606312173,0,1,0,0
1606322614,1,0,0,0
1606351923,1,0,0,0
1606352708,1,0,0,0
1606444963,-1,0,0,0
1606444986,-1,0,0,0
1606735926,2,0,0,0
1606736026,2,0,0,0
1606758096,-1,0,0,0
1606758296,-1,0,0,0
1607428955,4,0,0,0
1607610143,1,0,0,0
1607614007,4,0,0,0
1607771015,3,0,0,0
1607771016,-1,0,0,0
1608021659,-1,0,0,0
1608021660,-1,0,0,0
1608092499,0,0,0,0
1608092510,2,0,0,0
1608224960,-4,-1,0,0
1608242344,-2,0,0,0
1608295000,2,0,0,0
1608550108,1,0,0,0
1608560698,0,0,0,1
1608645090,-1,0,0,0
1608904130,2,1,0,0
1609162513,-2,0,0,0
1609165448,-2,0,0,0
1609175538,-2,0,0,0
1609317827,0,1,0,0
1609352058,0,1,0,0
1609382040,1,0,0,0
1609834206,0,5,0,0
1609911233,2,1,0,0
1609911293,2,1,0,0
1609993189,0,1,0,0
1610017905,0,1,0,0
1610028239,0,1,0,0
1610036250,0,-4,0,0
1610071267,2,0,0,0
1610089294,0,-1,0,0
1610089343,0,-1,0,0
1610095229,0,0,0,0
1610095233,-1,0,0,0
1610097777,5,0,0,0
1610370469,-3,0,0,0
1610371068,-1,0,0,0
1610373531,-1,0,0,0
1610451578,0,0,0,0
1610605753,0,1,0,0
1610677012,2,0,0,0
1610689252,1,0,0,0
1610701116,0,-1,0,0
1610968575,0,1,0,0
1610972506,2,0,0,0
1610973220,1,1,0,0
1610995171,0,0,0,0
1611060854,3,1,1,3
1611065849,1,0,0,0
1611105434,2,0,0,0
1611124372,-2,0,0,0
1611345959,5,0,0,0
1611346423,1,0,0,0
1611346667,1,0,0,0
1611347595,1,0,0,0
1611561268,1,0,0,0
1611561272,7,0,0,0
1611734939,-2,-1,0,0
1611828118,1,0,0,0
1611828122,-1,0,0,0
1611885319,1,0,0,0
1611907631,1,0,0,0
1611932030,1,0,0,0
1611932031,1,0,0,0
1612191616,0,0,0,0
1612258695,12,0,0,0
1612258810,12,0,0,0
1612333073,3,1,0,0
1612333074,0,1,0,0
1612333261,1,0,0,0
1612404544,1,0,0,0
1612404545,4,0,0,0
1612546727,-1,0,0,0
1612579890,0,-1,0,0
1612700704,0,-1,0,0
1612744660,1,0,0,0
1613140003,2,0,0,0
1613509513,-1,0,0,0
1613639669,0,1,0,0
1613718319,0,-1,0,0
1613718365,3,0,0,0
1613868695,0,0,0,0
1613974682,0,0,0,0
1613981614,0,0,0,0
1614025779,1,0,0,0
1614095947,1,0,0,0
1614183545,-1,-1,0,0
1614183582,-1,0,0,0
1614183604,0,2,0,0
1614219087,1,0,0,1
1614249083,-1,-1,0,0
1614320282,0,0,0,1
1614337238,1,0,0,0
1614590875,-1,1,0,0
1614591497,0,0,1,1
1614755105,1,0,0,0
1614832060,1,0,0,0
1614836317,-1,0,0,0
1614854317,0,0,0,0
1614861962,-4,0,0,0
1614874869,0,0,0,0
1614913354,1,2,0,0
1614913355,1,0,0,0
1615037510,-5,0,0,0
1615087725,-2,0,0,0
1615191351,0,1,0,0
1615365684,3,0,0,0
1615382989,0,1,0,0
1615455020,3,5,0,0
1615480618,-4,-5,0,0
1615486561,0,-1,0,0
1615518218,1,1,0,0
1615545151,2,0,0,0
1615795623,0,0,0,2
1615818511,-1,0,0,0
1615865646,3,0,0,1
1615978309,1,0,0,0
1615978310,2,0,0,0
1616038190,-1,0,0,0
1616140991,-8,0,0,0
1616144819,1,0,0,0
1616148597,1,0,0,0
1616225391,0,1,0,0
1616485562,1,0,0,0
1616577019,1,0,0,0
1616588949,0,-1,0,0
1616660718,1,0,0,0
1616661094,1,0,0,0
1616661146,1,0,0,0
1616665618,-1,0,0,0
1616665823,-1,0,0,0
1616672718,1,0,0,0
1616731494,0,1,0,0
1616818128,-2,0,0,0
1616993391,1,0,0,0
1617033138,1,0,0,0
1617083312,3,2,0,0
1617099755,1,1,0,0
1617101060,1,2,0,0
1617101988,0,2,0,0
1617172027,-1,0,0,0
1617180648,-1,0,0,0
1617215895,0,0,0,0
1617235212,-10,0,0,0
1617235238,0,-2,0,0
1617244310,31,16,0,0
1617263555,0,0,-1,0
1617299175,1,0,0,0
1617681416,22,12,0,2
1617813435,1,0,0,0
1617813704,1,0,0,0
1617856624,-1,0,0,0
1617917020,1,0,0,0
1618215825,2,0,0,0
1618365473,2,0,0,0
1618393903,2,0,0,0
1618553511,1,0,0,0
1618585221,2,0,0,1
1618585370,3,0,0,0
1618607400,1,0,0,0
1618661601,2,0,0,1
1618724384,4,0,0,0
1618853207,0,0,0,0
1618853513,0,0,0,0
1618977583,2,0,0,0
1618979947,2,0,0,0
1619006378,1,0,0,0
1619015354,1,-1,0,0
1619015420,1,-1,0,0
1619074026,1,0,0,0
1619074422,1,0,0,0
1619080082,2,0,0,0
1619080174,1,0,0,0
1619080449,1,0,0,0
1619714433,-1,0,0,0
1619716837,-1,0,0,0
1620373808,-1,0,0,0
1620440983,1,0,0,0
1620770748,1,0,0,0
1620956588,-2,0,0,0
1621262769,-2,0,0,0
1621323003,-1,0,0,0
1621328322,2,0,0,0
1621328560,2,0,0,0
1621328847,2,0,0,0
1621339183,-2,0,0,0
1621498620,1,0,0,0
1621517987,1,0,0,0
1621981263,1,0,0,0
1622093768,0,1,0,0
1622548132,-1,0,0,0
1622633818,0,0,0,0
1622705822,-1,0,0,0
1622717969,1,0,0,0
1622827120,-67,-12,0,-1
1623116949,0,1,0,0
1623119770,1,0,0,0
1623133840,-1,0,0,0
1623151456,1,0,0,0
1623222005,-4,0,0,0
1623236064,0,1,0,0
1623299820,1,0,0,0
1623830453,2,2,0,0
1623896912,1,0,0,0
1623926909,2,0,0,0
1624033784,-1,1,0,0
1624045229,2,4,0,0
1624258897,1,0,0,0
1624259145,1,0,0,0
1624259219,1,0,0,0
1624383886,-1,0,0,0
1624401130,-1,0,0,0
1624459278,1,0,0,0
1624471553,0,0,0,0
1624542496,0,0,0,0
1624604250,-15,0,0,0
1624921783,0,1,0,0
1624922114,0,1,0,0
1624922159,0,1,0,0
1624922277,0,1,0,0
1624994328,1,0,0,0
1624999933,-2,6,0,0
1625034358,0,0,0,0
1625034452,1,0,0,0
1625191729,1,0,0,0
1625241646,1,0,0,0
1625560333,0,1,0,0
1625570915,0,0,0,0
1625583602,0,0,0,0
1625583707,0,0,0,0
1625693453,2,0,0,0
1625693497,2,0,0,0
1625712686,0,1,0,0
1625729857,0,-3,0,0
1625832514,1,0,0,0
1626027735,1,0,0,0
1626057868,0,2,0,0
1626086426,-4,0,0,-2
1626104009,-1,0,0,0
1626141705,0,2,0,0
1626189172,6,0,0,0
1626246637,-6,0,0,0
1626254870,0,0,0,0
1626272161,0,0,0,1
1626272794,0,0,0,1
1626273029,0,0,0,1
1626273870,-1,0,0,0
1626273871,-2,-1,0,-1
1626333380,-5,0,0,0
1626501819,1,0,0,0
1626750483,-1,0,0,0
1626881508,6,0,0,0
1626938285,2,0,0,0
1626938300,2,0,0,0
1626941621,1,0,0,0
1627005215,1,0,0,0
1627011076,1,0,0,0
1627049563,0,1,0,0
1627265916,1,0,0,0
1627301073,-13,0,0,0
1627352888,2,0,0,0
1627353500,-1,0,0,0
1627469268,0,0,0,0
1627470416,2,-1,0,0
1627552230,1,0,0,0
1627619964,1,0,0,0
1627623846,1,0,0,0
1627738841,-2,0,0,0
1628077114,-1,0,-2,0
1628077336,-1,-1,0,0
1628078082,-3,0,0,0
1628078083,-1,0,0,0
1628104462,1,1,0,0
1628151385,1,0,0,0
1628156673,1,0,0,0
1628229275,-1,-1,0,0
1628342419,1,0,0,0
1628494692,0,-2,0,0
1628580832,0,1,0,0
1628649189,2,0,0,0
1628651844,-1,0,0,0
1628663190,1,0,0,0
1628664076,-1,0,0,0
1628708087,1,0,0,0
1628734406,1,1,0,0
1628867696,-1,0,0,0
1628878602,2,0,0,0
1628933082,2,0,0,0
1628952166,2,0,0,0
1629127603,1,0,0,0
1629133554,1,0,0,0
1629149759,15,0,0,0
1629169301,-1,0,0,0
1629800114,0,0,0,1
1629800154,0,0,0,1
1629800194,0,0,0,1
1629873696,1,0,0,0
1629898010,1,1,0,0
1629975261,2,0,0,0
1629977090,0,1,0,0
1630304831,0,-2,0,0
1630305095,0,-2,0,0
1630332050,1,0,0,0
1630333454,1,0,0,0
1630333812,1,0,0,0
1630397736,2,0,0,0
1630397899,2,0,0,0
1630400754,1,0,0,0
1630401310,1,0,0,0
1630477679,1,0,0,0
1630477693,1,0,0,0
1630497616,0,0,0,0
1630567608,-1,0,0,0
1630567772,-1,0,0,0
1630570093,15,4,1,0
1630659841,-4,0,0,0
1630660144,-3,0,0,0
1630660145,-1,0,0,0
1630664800,0,4,0,0
1630664946,0,4,0,0
1630914289,1,0,0,0
1631010838,1,0,0,0
1631133277,1,0,0,0
1631159516,-1,1,0,0
1631160773,0,-1,0,0
1631198516,1,0,0,0
1631501012,1,0,0,0
1631597688,1,0,0,0
1631648774,1,0,0,0
1631649175,1,0,0,0
1631759437,1,0,0,0
1631843834,-1,0,0,0
1631843863,3,0,0,0
1631962703,-1,0,0,0
1632127059,1,0,0,0
1632127092,1,0,0,0
1632127693,1,0,0,0
1632208455,2,0,0,0
1632229922,0,0,0,0
1632295740,-1,0,0,0
1632398907,1,0,0,0
1632398960,1,0,0,0
1632985456,1,0,0,0
1633002419,-1,0,0,0
1633096471,1,0,0,0
1633680053,1,0,0,0
1634134389,-1,0,0,0
1634564582,1,0,0,0
1634883455,1,0,0,0
1635158293,3,1,0,0
1635167588,0,0,0,0
1635258108,0,0,0,0
1635496126,2,0,0,0
1635532065,-2,0,0,-1
1635927347,0,0,0,0
1636468666,2,0,0,0
1636550543,1,0,0,0
1636629240,-1,0,0,0
1636638009,-1,0,0,0
1636727964,0,0,0,0
1636730558,0,0,0,0
1636964082,0,0,0,0
1637050854,-1,0,0,0
1637098771,1,0,0,0
1637163875,1,0,0,0
1637310892,4,0,0,0
1637314784,0,1,0,0
1637593554,1,0,0,0
1637640121,1,0,0,0
1637641967,1,0,0,0
1637741695,1,0,0,0
1637745125,1,0,0,0
1637826627,-1,0,0,0
1638172567,-2,0,-1,-1
1638206258,0,0,0,0
1638257134,2,0,0,0
1638283183,0,0,0,0
1638347454,-1,0,0,0
1638439703,2,0,0,0
1638549814,0,0,0,0
1638549918,3,0,0,0
1638793202,-1,0,0,0
1638947823,0,0,0,0
1639321511,-5,0,0,0
1639381284,0,0,0,0
1639477293,-1,0,0,0
1639668810,1,0,0,0
1639754249,4,0,0,0
1639942568,1,0,0,0
1640017615,0,-1,0,0
1640096457,0,0,0,-1
1640097957,0,0,0,-1
1640141740,0,1,0,0
1640869445,0,1,0,0
1641287264,2,0,0,0
1641290779,0,1,0,0
1641458936,0,0,0,0
1641896283,1,0,0,0
1642062187,3,0,1,0
1642147102,1,0,0,0
1642148443,-2,0,0,0
1642166558,-1,0,0,0
1642416435,2,0,0,0
1642576872,4,1,0,0
1642597891,4,0,0,0
1642609339,0,0,0,0
1642642852,4,0,0,0
1642679169,1,0,0,0
1642910196,2,0,0,0
1642910871,-2,0,0,0
1643014841,0,0,0,0
1643079824,0,-1,0,0
1643102760,3,0,1,0
1643127802,2,0,0,0
1643127803,-2,0,0,0
1643187465,1,0,0,0
1643237512,0,0,0,0
1643249739,0,1,0,0
1643280796,1,0,0,0
1643374443,0,-1,0,0
1643616235,1,0,0,0
1643619637,0,0,0,2
1643651299,1,0,0,0
1643733059,0,-1,0,0
1643790098,0,-1,0,0
1643818877,3,1,0,0
1643821109,1,0,0,0
1643821131,0,-1,0,0
1643882032,-3,0,0,0
1643961709,4,0,0,0
1643969900,0,0,0,0
1643974893,0,0,0,0
1644166492,1,0,0,-1
1644235894,-1,0,0,0
1644239080,0,0,0,1
1644239096,0,0,0,1
1644239097,0,0,0,1
1644239099,0,0,0,1
1644239100,0,0,0,1
1644239101,0,0,0,2
1644239102,0,0,0,2
1644239103,0,0,0,1
1644239104,0,0,0,1
1644239105,0,0,0,2
1644239106,0,0,0,1
1644239107,0,0,0,2
1644239108,0,0,0,2
1644250580,-1,0,0,0
1644422549,0,-1,0,0
1644425858,1,0,0,0
1644542193,1,0,0,0
1644569456,1,0,0,0
1644834209,1,0,0,0
1644851975,2,0,0,0
1644912978,1,0,0,0
1644996796,0,0,0,1
1645001512,0,0,0,0
1645004427,6,-1,0,0
1645026224,2,0,0,0
1645031422,0,0,0,1
1645032274,2,0,0,0
1645164379,2,0,0,0
1645192720,-1,-1,0,0
1645518361,0,2,0,0
1645548419,2,0,0,0
1645620666,1,-1,0,0
1645687325,1,0,0,0
1645718115,1,0,0,0
1645718171,1,0,0,0
1645779027,-1,-1,0,0
1645800484,1,0,0,0
1646063974,1,0,0,0
1646142637,0,0,0,0
1646215018,-3,0,0,0
1646228933,1,0,0,0
1646719676,0,1,0,0
1646846634,1,0,0,0
1646899345,1,0,0,0
1646904496,3,0,0,0
1646921745,1,0,0,0
1646982333,0,1,0,0
1646994886,1,0,0,0
1647339609,-1,0,0,0
1647548249,-2,0,0,0
1647862708,-1,0,0,0
1647862853,-1,0,0,0
1647871079,1,0,0,0
1647871124,1,0,0,0
1647871785,1,0,0,0
1647875809,-1,0,0,0
1647936654,4,1,2,2
1647938075,4,1,2,2
1648016666,1,0,0,0
1648041324,1,0,0,0
1648112821,1,0,0,0
1648112834,1,0,0,0
1648455778,1,0,0,0
1648570897,3,0,0,0
1648571127,2,0,0,0
1648808957,1,0,0,0
1649063802,-1,-1,0,0
1649075525,1,0,0,0
1649075562,1,0,0,0
1649342306,-1,0,0,0
1649342376,-1,0,0,0
1649359493,0,0,0,12
1649435623,0,0,0,1
1649444917,1,0,0,0
1649491263,1,0,0,0
1649854657,-1,-1,0,0
1650868128,1,0,0,0
1650962043,0,0,0,0
1651170274,4,0,0,0
1651474637,3,0,0,0
1652094424,0,0,-1,0
1652181477,1,0,0,0
1652181970,1,0,0,0
1653308792,0,0,0,0
1653357460,0,0,0,0
1654316953,-3,0,0,0
1654496324,0,0,0,0
1654666707,-2,0,0,0
1654674925,1,0,0,0
1654674927,-1,0,0,0
1654740322,2,0,0,0
1655087578,1,0,0,0
1655101348,1,1,0,0
1655127419,1,0,0,0
1655180172,0,0,0,0
1655192001,1,0,0,0
1655296566,1,0,0,0
1655367994,1,0,0,0
1655368180,1,0,0,0
1655433828,1,0,0,0
1655434056,1,0,0,0
1655443878,4,0,0,0
1655948236,1,0,0,0
1656321665,-1,0,0,0
1656487061,1,0,0,0
1656642566,1,0,0,0
1657097232,-3,0,0,0
1657181677,2,0,0,0
1657197082,2,0,0,0
1657221496,2,0,0,0
1657265627,0,2,0,0
1657268893,0,1,0,0
1657529517,0,1,0,0
1657712711,0,4,0,0
1657804794,-2,0,0,0
1657855437,1,0,0,0
1658133093,2,0,0,0
1658196756,1,0,0,0
1658309384,2,0,0,0
1658408551,1,0,0,0
1658469726,0,1,0,0
1658469755,0,-1,0,0
1658494559,1,0,0,0
1658636389,1,1,0,0
1658800184,2,2,0,0
1658803327,0,-2,0,0
1658833186,1,0,0,0
1658866994,2,0,0,0
1658933052,2,0,0,0
1659059635,0,2,0,1
1659089459,0,1,0,0
1659269507,4,0,0,0
1659269821,1,0,0,0
1659334352,4,0,0,0
1659405369,-2,0,0,0
1659413579,0,-1,0,0
1659419387,1,0,0,0
1659512378,1,0,0,0
1659580249,1,0,0,0
1659581132,3,0,0,0
1659790449,6,1,0,0
1659839553,0,0,0,1
1659880230,1,1,0,0
1659880231,2,0,0,0
1659925722,2,0,0,0
1659925992,0,2,0,0
1659930865,3,3,0,0
1659930866,1,0,0,0
1659930867,9,3,0,0
1659930869,7,2,0,1
1659967407,-2,0,0,0
1660010220,1,1,0,0
1660010376,1,0,0,0
1660011959,2,1,0,0
1660015209,3,0,0,0
1660026768,2,0,0,0
1660027597,0,0,0,0
1660038003,2,1,0,0
1660048255,0,0,0,-1
1660058674,1,0,0,0
1660059115,-1,0,0,0
1660079549,3,1,0,0
1660095257,1,0,0,0
1660098433,1,0,0,0
1660111453,1,1,0,0
1660308514,-2,0,0,0
1660315794,1,0,0,0
1660488553,-3,0,0,0
1660488572,-4,0,0,0
1660773492,1,0,0,0
1660773532,1,0,0,0
1660882017,1,0,0,0
1660902193,0,2,0,0
1660918905,0,-1,0,0
1661500179,0,1,0,0
1661507359,-2,0,0,0
1661516365,2,1,0,0
1661945106,0,-1,0,0
1662035956,1,0,0,0
1662035967,1,0,0,0
1662050621,0,1,0,0
1662517888,1,0,0,0
1662518022,1,0,0,0
1662606698,-1,-1,0,0
1662607260,-1,-1,0,0
1662727509,2,0,0,0
1662980514,-1,0,0,0
1663135325,2,0,0,0
1663160196,2,0,0,0
1663189461,0,0,0,0
1663189633,0,0,0,0
1663292074,2,0,0,0
1663292090,2,0,0,0
1663314339,-10,-2,-4,-5
1663817081,1,0,0,0
1663842650,1,0,0,0
1664502398,1,0,0,0
1664512150,1,0,0,0
1665563515,1,0,0,0
1665568060,1,1,0,0
1665568232,1,1,0,0
1665577112,1,1,0,0
1665577223,0,0,0,1
1665591277,-2,0,0,0
1665644174,1,0,0,0
1665644203,1,0,0,0
1665644224,1,0,0,0
1665714366,0,0,0,1
1665714421,0,0,0,1
1665714462,0,0,0,1
1665723784,1,1,0,0
1666099957,1,0,0,0
1666164595,-24,0,-1,0
1666228121,-1,0,0,0
1666228199,-1,0,0,0
1666263247,0,0,0,0
1666334321,-4,0,0,0
1666752221,2,-2,0,0
1666752336,2,-2,0,0
1666752384,2,-2,0,0
1667179623,1,0,0,0
1667179727,1,0,0,0
1667187131,1,0,0,0
1667187132,-1,1,0,0
1667204247,0,0,0,0
1667387933,0,0,0,1
1667442241,-1,0,0,0
1667528058,0,-1,0,0
1667580302,-12,-3,0,0
1667765977,1,0,0,0
1667837310,1,0,0,0
1667913610,-1,0,0,0
1667997832,2,0,0,0
1668519076,-9,0,-1,0
1668680173,0,-2,0,0
1669137182,1,0,0,0
1669217588,1,0,0,2
1669678501,0,-1,0,0
1669800903,1,0,0,0
1669801116,1,0,0,0
1669861199,1,0,0,0
1670401071,-3,0,0,-1
1670466233,0,1,0,0
1670595618,18,1,0,0
1670989094,-1,0,0,0
1671031728,0,0,0,0
1671173044,0,-1,0,0
1671610165,0,-2,0,0
1671797303,-22,0,0,-2
1672049704,1,0,0,0
1672221923,0,1,0,0
1672279127,0,-1,0,0
1672283582,0,-1,0,0
1672318547,1,0,0,0
1672370056,1,0,0,0
1672387621,0,1,0,0
1672747646,0,2,0,0
1672762417,0,0,0,-1
1672892808,1,-3,0,0
1672994181,-14,-3,0,-2
1673238543,-1,1,0,0
1673309119,-13,-1,-2,-7
1673316751,1,2,0,0
1673362020,0,1,0,0
1673385525,0,0,0,-1
1673494008,1,0,0,0
1673598722,1,0,0,0
1673835733,1,0,0,0
1673860394,1,0,0,0
1673863240,3,0,0,0
1673949357,4,0,0,0
1674131789,0,0,0,0
1674488836,0,0,0,0
1674556688,-1,0,0,0
1674564145,2,0,0,0
1674964611,-4,0,0,0
1674999138,-1,0,0,0
1675046554,1,0,0,0
1675067131,0,0,0,0
1675068029,-1,0,0,0
1675097165,1,1,0,0
1675168009,-3,0,0,0
1675246171,0,0,0,0
1675339990,0,0,0,0
1675340420,-3,0,0,-1
1675612128,2,0,0,0
1675649464,0,0,0,0
1675667595,1,0,0,0
1675739453,2,0,0,0
1675739841,2,0,0,0
1675914348,1,0,0,0
1675914440,1,0,0,0
1676020949,-40,0,0,0
1676447373,1,0,0,0
1676969513,0,0,0,-2
1676969644,0,0,0,-2
1677505017,-5,-1,0,0
1677763554,0,-1,0,0
1677763735,0,-1,0,0
1678107360,1,0,0,0
1678107546,1,0,0,0
1678109915,1,0,0,0
1678432246,0,0,2,0
1678673309,0,-10,0,0
1679036674,1,0,0,0
1679067698,1,0,0,0
1679302018,-3,-1,0,0
1679306092,0,3,0,0
1679307579,0,0,0,1
1679384593,1,0,0,0
1679402053,0,0,0,0
1679436198,-1,0,0,0
1680079092,0,13,0,0
1680180805,-3,0,0,0
1680512129,0,0,0,-1
1680580379,0,3,0,0
1680794518,0,0,1,0
1680794533,0,0,1,0
1681831697,6,3,0,0
1681885125,-1,0,0,0
1682097390,-1,0,0,0
1682509893,0,-1,0,0
1682560770,1,0,0,0
1683271095,1,0,0,0
1683271112,1,0,0,0
1683281846,1,0,0,0
1683284820,0,1,0,0
1683711381,1,0,0,0
1683735251,1,0,0,0
1683735286,1,0,0,0
1683768971,2,0,0,0
1683768972,2,0,0,0
1683871436,-2,0,0,0
1683899019,1,0,0,0
1684119470,1,0,0,0
1684157633,1,0,0,0
1684494084,0,-3,0,0
1684734933,3,0,0,0
1684741300,0,1,0,0
1685003434,0,0,0,0
1685079747,2,0,0,0
1685658101,-27,-4,0,-2
1686188555,1,0,0,0
1686213014,1,0,0,0
1686322117,0,1,0,0
1686710717,1,1,0,0
1686828604,0,7,0,0
1687230335,0,1,0,0
1687538988,9,2,0,0
1687672653,2,0,0,0
1687748469,2,0,0,0
1687748470,4,0,0,0
1687748493,2,0,0,0
1687847600,-27,-4,0,-2
1687918472,1,0,0,0
1688009285,0,0,0,2
1688012636,1,0,0,0
1688031269,1,0,0,0
1688049593,1,0,0,0
1688055027,-1,0,0,0
1688055935,-13,-3,0,0
1688112638,1,0,0,0
1688114598,0,0,0,0
1688135070,3,1,0,0
1688206687,1,0,0,0
1688374305,0,0,0,1
1688397570,1,0,0,0
1688471778,-1,1,0,0
1688503495,1,0,0,0
1688572694,1,0,0,0
1688647326,3,0,0,0
1688668764,-2,0,0,0
1688716439,0,-1,0,0
1688999459,-2,0,0,0
1689173456,3,0,0,0
1689173457,0,1,0,0
1689733585,0,0,0,0
1689832586,0,-3,0,0
1689866818,2,0,0,0
1689958001,0,1,0,0
1690040938,0,1,0,0
1690078424,0,0,0,0
1690129007,-1,-1,0,0
1690135891,3,0,0,0
1690309016,0,0,0,0
1691027062,3,0,0,0
1691052194,-1,0,0,0
1691144185,1,0,0,0
1691236380,-1,0,0,0
1691236447,-1,0,0,0
1691508459,2,0,0,0
1691550947,1,0,0,0
1692347688,3,0,0,0
1692359825,2,0,0,0
1692360849,2,0,0,0
1692361212,2,0,0,0
1692798801,-1,0,0,0
1693108408,-13,0,0,0
1694150745,6,0,0,0
1694186395,-4,-2,0,-3
1694432040,1,0,0,0
1694435674,-2,0,0,0
1694462851,-4,-2,0,-3
1694490066,0,0,0,0
1694490130,0,0,0,0
1694586105,0,-1,0,0
1695115864,1,0,0,0
1695138306,1,0,0,0
1696939573,0,0,0,0
1697693895,1,0,0,0
1698324406,0,0,1,0
1698418138,-1,0,0,0
1699013728,1,0,0,0
1699350014,1,0,0,0
1699438605,0,0,0,0
1699462543,0,0,0,2
1699602855,2,0,0,0
1699806694,-1,-3,0,0
1700015080,0,0,0,0
1700151930,-2,0,0,0
1700186803,0,0,0,0
1700187260,0,0,0,0
1700821173,3,1,0,0
1700821249,3,1,0,0
1700821303,3,1,0,0
1700922877,-1,0,0,0
1700922911,1,0,0,0
1701067208,0,0,0,1
1701080260,3,0,0,0
1701152187,1,0,0,0
1701231957,0,0,0,7
1701238280,0,0,0,1
1701269199,-1,0,0,0
1701276600,0,1,0,0
1701478824,1,0,0,0
1701678755,0,0,0,0
1701766005,1,0,0,0
1701769084,1,0,0,0
1702387770,0,0,0,0
1702914540,0,0,0,0
1702989519,1,0,0,0
1702989724,1,0,0,0
1703555582,1,0,0,0
1704471870,0,2,0,0
1704938787,3,0,0,0
1705050960,1,0,0,0
1705055789,-1,0,0,0
1705284612,2,1,0,0
1705329701,1,0,0,0
1705385885,1,0,0,0
