timestamp,project,commits_per_14days
2012-10-23,druid,55
2012-11-06,druid,66
2012-11-20,druid,41
2012-12-04,druid,86
2012-12-18,druid,22
2013-01-01,druid,37
2013-01-15,druid,73
2013-01-29,druid,87
2013-02-12,druid,70
2013-02-26,druid,129
2013-03-12,druid,98
2013-03-26,druid,48
2013-04-09,druid,81
2013-04-23,druid,103
2013-05-07,druid,110
2013-05-21,druid,48
2013-06-04,druid,51
2013-06-18,druid,49
2013-07-02,druid,76
2013-07-16,druid,122
2013-07-30,druid,135
2013-08-13,druid,118
2013-08-27,druid,51
2013-09-10,druid,63
2013-09-24,druid,54
2013-10-08,druid,42
2013-10-22,druid,56
2013-11-05,druid,127
2013-11-19,druid,69
2013-12-03,druid,165
2013-12-17,druid,90
2013-12-31,druid,60
2014-01-14,druid,79
2014-01-28,druid,83
2014-02-11,druid,67
2014-02-25,druid,101
2014-03-11,druid,99
2014-03-25,druid,154
2014-04-08,druid,133
2014-04-22,druid,122
2014-05-06,druid,70
2014-05-20,druid,81
2014-06-03,druid,142
2014-06-17,druid,74
2014-07-01,druid,35
2014-07-15,druid,74
2014-07-29,druid,152
2014-08-12,druid,91
2014-08-26,druid,69
2014-09-09,druid,77
2014-09-23,druid,89
2014-10-07,druid,63
2014-10-21,druid,96
2014-11-04,druid,193
2014-11-18,druid,140
2014-12-02,druid,144
2014-12-16,druid,62
2014-12-30,druid,32
2015-01-13,druid,65
2015-01-27,druid,61
2015-02-10,druid,69
2015-02-24,druid,66
2015-03-10,druid,90
2015-03-24,druid,40
2015-04-07,druid,62
2015-04-21,druid,69
2015-05-05,druid,40
2015-05-19,druid,59
2015-06-02,druid,49
2015-06-16,druid,54
2015-06-30,druid,51
2015-07-14,druid,85
2015-07-28,druid,62
2015-08-11,druid,78
2015-08-25,druid,99
2015-09-08,druid,70
2015-09-22,druid,66
2015-10-06,druid,43
2015-10-20,druid,80
2015-11-03,druid,89
2015-11-17,druid,47
2015-12-01,druid,126
2015-12-15,druid,107
2015-12-29,druid,124
2016-01-12,druid,126
2016-01-26,druid,111
2016-02-09,druid,120
2016-02-23,druid,105
2016-03-08,druid,126
2016-03-22,druid,124
2016-04-05,druid,51
2016-04-19,druid,34
2016-05-03,druid,39
2016-05-17,druid,24
2016-05-31,druid,72
2016-06-14,druid,38
2016-06-28,druid,27
2016-07-12,druid,23
2016-07-26,druid,31
2016-08-09,druid,24
2016-08-23,druid,16
2016-09-06,druid,25
2016-09-20,druid,24
2016-10-04,druid,34
2016-10-18,druid,22
2016-11-01,druid,42
2016-11-15,druid,14
2016-11-29,druid,40
2016-12-13,druid,24
2016-12-27,druid,16
2017-01-10,druid,20
2017-01-24,druid,18
2017-02-07,druid,30
2017-02-21,druid,54
2017-03-07,druid,29
2017-03-21,druid,30
2017-04-04,druid,13
2017-04-18,druid,29
2017-05-02,druid,18
2017-05-16,druid,40
2017-05-30,druid,41
2017-06-13,druid,31
2017-06-27,druid,30
2017-07-11,druid,40
2017-07-25,druid,30
2017-08-08,druid,32
2017-08-22,druid,29
2017-09-05,druid,44
2017-09-19,druid,40
2017-10-03,druid,58
2017-10-17,druid,28
2017-10-31,druid,37
2017-11-14,druid,29
2017-11-28,druid,13
2017-12-12,druid,21
2017-12-26,druid,21
2018-01-09,druid,25
2018-01-23,druid,28
2018-02-06,druid,47
2018-02-20,druid,25
2018-03-06,druid,28
2018-03-20,druid,19
2018-04-03,druid,57
2018-04-17,druid,32
2018-05-01,druid,31
2018-05-15,druid,12
2018-05-29,druid,20
2018-06-12,druid,21
2018-06-26,druid,52
2018-07-10,druid,17
2018-07-24,druid,41
2018-08-07,druid,45
2018-08-21,druid,48
2018-09-04,druid,27
2018-09-18,druid,50
2018-10-02,druid,40
2018-10-16,druid,36
2018-10-30,druid,20
2018-11-13,druid,46
2018-11-27,druid,34
2018-12-11,druid,29
2018-12-25,druid,14
2019-01-08,druid,29
2019-01-22,druid,43
2019-02-05,druid,40
2019-02-19,druid,54
2019-03-05,druid,70
2019-03-19,druid,50
2019-04-02,druid,58
2019-04-16,druid,73
2019-04-30,druid,51
2019-05-14,druid,92
2019-05-28,druid,52
2019-06-11,druid,42
2019-06-25,druid,54
2019-07-09,druid,35
2019-07-23,druid,84
2019-08-06,druid,48
2019-08-20,druid,81
2019-09-03,druid,70
2019-09-17,druid,42
2019-10-01,druid,24
2019-10-15,druid,47
2019-10-29,druid,36
2019-11-12,druid,42
2019-11-26,druid,50
2019-12-10,druid,65
2019-12-24,druid,19
2020-01-07,druid,65
2020-01-21,druid,39
2020-02-04,druid,44
2020-02-18,druid,28
2020-03-03,druid,42
2020-03-17,druid,38
2020-03-31,druid,76
2020-04-14,druid,44
2020-04-28,druid,36
2020-05-12,druid,22
2020-05-26,druid,31
2020-06-09,druid,39
2020-06-23,druid,52
2020-07-07,druid,39
2020-07-21,druid,16
2020-08-04,druid,21
2020-08-18,druid,21
2020-09-01,druid,19
2020-09-15,druid,34
2020-09-29,druid,50
2020-10-13,druid,10
2020-10-27,druid,18
2020-11-10,druid,21
2020-11-24,druid,25
2020-12-08,druid,26
2020-12-22,druid,6
2021-01-05,druid,39
2021-01-19,druid,25
2021-02-02,druid,30
2021-02-16,druid,20
2021-03-02,druid,38
2021-03-16,druid,38
2021-03-30,druid,33
2021-04-13,druid,38
2021-04-27,druid,47
2021-05-11,druid,26
2021-05-25,druid,21
2021-06-08,druid,25
2021-06-22,druid,16
2021-07-06,druid,23
2021-07-20,druid,38
2021-08-03,druid,42
2021-08-17,druid,23
2021-08-31,druid,25
2021-09-14,druid,29
2021-09-28,druid,34
2021-10-12,druid,26
2021-10-26,druid,26
2021-11-09,druid,52
2021-11-23,druid,41
2021-12-07,druid,61
2021-12-21,druid,6
2022-01-04,druid,28
2022-01-18,druid,28
2022-02-01,druid,26
2022-02-15,druid,22
2022-03-01,druid,31
2022-03-15,druid,23
2022-03-29,druid,26
2022-04-12,druid,34
2022-04-26,druid,28
2022-05-10,druid,54
2022-05-24,druid,42
2022-06-07,druid,29
2022-06-21,druid,27
2022-07-05,druid,40
2022-07-19,druid,23
2022-08-02,druid,46
2022-08-16,druid,67
2022-08-30,druid,65
2022-09-13,druid,56
2022-09-27,druid,28
2022-10-11,druid,29
2022-10-25,druid,56
2022-11-08,druid,59
2022-11-22,druid,66
2022-12-06,druid,84
2022-12-20,druid,13
2023-01-03,druid,33
2023-01-17,druid,19
2023-01-31,druid,42
2023-02-14,druid,48
2023-02-28,druid,55
2023-03-14,druid,39
2023-03-28,druid,58
2023-04-11,druid,73
2023-04-25,druid,63
2023-05-09,druid,77
2023-05-23,druid,36
2023-06-06,druid,44
2023-06-20,druid,54
2023-07-04,druid,66
2023-07-18,druid,95
2023-08-01,druid,83
2023-08-15,druid,86
2023-08-29,druid,30
2023-09-12,druid,45
2023-09-26,druid,56
2023-10-10,druid,78
2023-10-24,druid,76
2023-11-07,druid,43
2023-11-21,druid,46
2023-12-05,druid,91
2023-12-19,druid,5
2024-01-02,druid,65
2011-10-20,dubbo,164
2011-11-03,dubbo,101
2011-11-17,dubbo,103
2011-12-01,dubbo,114
2011-12-15,dubbo,85
2011-12-29,dubbo,62
2012-01-12,dubbo,10
2012-01-26,dubbo,25
2012-02-09,dubbo,67
2012-02-23,dubbo,126
2012-03-08,dubbo,108
2012-03-22,dubbo,143
2012-04-05,dubbo,47
2012-04-19,dubbo,36
2012-05-03,dubbo,133
2012-05-17,dubbo,69
2012-05-31,dubbo,49
2012-06-14,dubbo,41
2012-06-28,dubbo,90
2012-07-12,dubbo,114
2012-07-26,dubbo,101
2012-08-09,dubbo,60
2012-08-23,dubbo,48
2012-09-06,dubbo,16
2012-09-20,dubbo,4
2012-10-04,dubbo,4
2012-10-18,dubbo,8
2012-11-01,dubbo,3
2012-11-15,dubbo,2
2012-11-29,dubbo,0
2012-12-13,dubbo,5
2012-12-27,dubbo,5
2013-01-10,dubbo,3
2013-01-24,dubbo,0
2013-02-07,dubbo,0
2013-02-21,dubbo,6
2013-03-07,dubbo,8
2013-03-21,dubbo,0
2013-04-04,dubbo,0
2013-04-18,dubbo,0
2013-05-02,dubbo,0
2013-05-16,dubbo,0
2013-05-30,dubbo,0
2013-06-13,dubbo,0
2013-06-27,dubbo,0
2013-07-11,dubbo,0
2013-07-25,dubbo,0
2013-08-08,dubbo,1
2013-08-22,dubbo,0
2013-09-05,dubbo,1
2013-09-19,dubbo,1
2013-10-03,dubbo,0
2013-10-17,dubbo,0
2013-10-31,dubbo,0
2013-11-14,dubbo,0
2013-11-28,dubbo,0
2013-12-12,dubbo,0
2013-12-26,dubbo,1
2014-01-09,dubbo,0
2014-01-23,dubbo,0
2014-02-06,dubbo,1
2014-02-20,dubbo,1
2014-03-06,dubbo,6
2014-03-20,dubbo,0
2014-04-03,dubbo,1
2014-04-17,dubbo,0
2014-05-01,dubbo,1
2014-05-15,dubbo,0
2014-05-29,dubbo,0
2014-06-12,dubbo,0
2014-06-26,dubbo,0
2014-07-10,dubbo,0
2014-07-24,dubbo,0
2014-08-07,dubbo,0
2014-08-21,dubbo,0
2014-09-04,dubbo,1
2014-09-18,dubbo,0
2014-10-02,dubbo,0
2014-10-16,dubbo,0
2014-10-30,dubbo,1
2014-11-13,dubbo,0
2014-11-27,dubbo,0
2014-12-11,dubbo,0
2014-12-25,dubbo,0
2015-01-08,dubbo,0
2015-01-22,dubbo,0
2015-02-05,dubbo,3
2015-02-19,dubbo,0
2015-03-05,dubbo,0
2015-03-19,dubbo,5
2015-04-02,dubbo,0
2015-04-16,dubbo,0
2015-04-30,dubbo,0
2015-05-14,dubbo,0
2015-05-28,dubbo,0
2015-06-11,dubbo,0
2015-06-25,dubbo,0
2015-07-09,dubbo,0
2015-07-23,dubbo,0
2015-08-06,dubbo,0
2015-08-20,dubbo,0
2015-09-03,dubbo,0
2015-09-17,dubbo,0
2015-10-01,dubbo,0
2015-10-15,dubbo,0
2015-10-29,dubbo,0
2015-11-12,dubbo,0
2015-11-26,dubbo,0
2015-12-10,dubbo,2
2015-12-24,dubbo,0
2016-01-07,dubbo,0
2016-01-21,dubbo,0
2016-02-04,dubbo,0
2016-02-18,dubbo,0
2016-03-03,dubbo,0
2016-03-17,dubbo,0
2016-03-31,dubbo,1
2016-04-14,dubbo,2
2016-04-28,dubbo,0
2016-05-12,dubbo,0
2016-05-26,dubbo,16
2016-06-09,dubbo,15
2016-06-23,dubbo,0
2016-07-07,dubbo,0
2016-07-21,dubbo,0
2016-08-04,dubbo,0
2016-08-18,dubbo,0
2016-09-01,dubbo,0
2016-09-15,dubbo,0
2016-09-29,dubbo,0
2016-10-13,dubbo,0
2016-10-27,dubbo,0
2016-11-10,dubbo,0
2016-11-24,dubbo,0
2016-12-08,dubbo,1
2016-12-22,dubbo,0
2017-01-05,dubbo,0
2017-01-19,dubbo,0
2017-02-02,dubbo,0
2017-02-16,dubbo,0
2017-03-02,dubbo,2
2017-03-16,dubbo,1
2017-03-30,dubbo,0
2017-04-13,dubbo,2
2017-04-27,dubbo,0
2017-05-11,dubbo,0
2017-05-25,dubbo,0
2017-06-08,dubbo,0
2017-06-22,dubbo,0
2017-07-06,dubbo,0
2017-07-20,dubbo,2
2017-08-03,dubbo,1
2017-08-17,dubbo,12
2017-08-31,dubbo,37
2017-09-14,dubbo,19
2017-09-28,dubbo,19
2017-10-12,dubbo,17
2017-10-26,dubbo,19
2017-11-09,dubbo,4
2017-11-23,dubbo,20
2017-12-07,dubbo,24
2017-12-21,dubbo,45
2018-01-04,dubbo,41
2018-01-18,dubbo,30
2018-02-01,dubbo,18
2018-02-15,dubbo,20
2018-03-01,dubbo,23
2018-03-15,dubbo,5
2018-03-29,dubbo,18
2018-04-12,dubbo,18
2018-04-26,dubbo,30
2018-05-10,dubbo,68
2018-05-24,dubbo,33
2018-06-07,dubbo,30
2018-06-21,dubbo,14
2018-07-05,dubbo,39
2018-07-19,dubbo,35
2018-08-02,dubbo,35
2018-08-16,dubbo,36
2018-08-30,dubbo,66
2018-09-13,dubbo,42
2018-09-27,dubbo,27
2018-10-11,dubbo,52
2018-10-25,dubbo,75
2018-11-08,dubbo,65
2018-11-22,dubbo,58
2018-12-06,dubbo,68
2018-12-20,dubbo,76
2019-01-03,dubbo,86
2019-01-17,dubbo,100
2019-01-31,dubbo,40
2019-02-14,dubbo,47
2019-02-28,dubbo,40
2019-03-14,dubbo,74
2019-03-28,dubbo,23
2019-04-11,dubbo,32
2019-04-25,dubbo,36
2019-05-09,dubbo,55
2019-05-23,dubbo,71
2019-06-06,dubbo,21
2019-06-20,dubbo,51
2019-07-04,dubbo,78
2019-07-18,dubbo,47
2019-08-01,dubbo,66
2019-08-15,dubbo,83
2019-08-29,dubbo,59
2019-09-12,dubbo,43
2019-09-26,dubbo,27
2019-10-10,dubbo,49
2019-10-24,dubbo,31
2019-11-07,dubbo,50
2019-11-21,dubbo,28
2019-12-05,dubbo,65
2019-12-19,dubbo,52
2020-01-02,dubbo,19
2020-01-16,dubbo,18
2020-01-30,dubbo,46
2020-02-13,dubbo,16
2020-02-27,dubbo,44
2020-03-12,dubbo,21
2020-03-26,dubbo,34
2020-04-09,dubbo,6
2020-04-23,dubbo,27
2020-05-07,dubbo,20
2020-05-21,dubbo,14
2020-06-04,dubbo,22
2020-06-18,dubbo,20
2020-07-02,dubbo,27
2020-07-16,dubbo,28
2020-07-30,dubbo,33
2020-08-13,dubbo,13
2020-08-27,dubbo,19
2020-09-10,dubbo,15
2020-09-24,dubbo,9
2020-10-08,dubbo,13
2020-10-22,dubbo,1
2020-11-05,dubbo,34
2020-11-19,dubbo,7
2020-12-03,dubbo,4
2020-12-17,dubbo,4
2020-12-31,dubbo,8
2021-01-14,dubbo,24
2021-01-28,dubbo,32
2021-02-11,dubbo,60
2021-02-25,dubbo,46
2021-03-11,dubbo,72
2021-03-25,dubbo,42
2021-04-08,dubbo,59
2021-04-22,dubbo,38
2021-05-06,dubbo,83
2021-05-20,dubbo,95
2021-06-03,dubbo,87
2021-06-17,dubbo,66
2021-07-01,dubbo,54
2021-07-15,dubbo,37
2021-07-29,dubbo,54
2021-08-12,dubbo,58
2021-08-26,dubbo,66
2021-09-09,dubbo,91
2021-09-23,dubbo,66
2021-10-07,dubbo,56
2021-10-21,dubbo,58
2021-11-04,dubbo,38
2021-11-18,dubbo,35
2021-12-02,dubbo,28
2021-12-16,dubbo,47
2021-12-30,dubbo,15
2022-01-13,dubbo,36
2022-01-27,dubbo,19
2022-02-10,dubbo,14
2022-02-24,dubbo,19
2022-03-10,dubbo,49
2022-03-24,dubbo,28
2022-04-07,dubbo,20
2022-04-21,dubbo,8
2022-05-05,dubbo,25
2022-05-19,dubbo,8
2022-06-02,dubbo,25
2022-06-16,dubbo,27
2022-06-30,dubbo,47
2022-07-14,dubbo,39
2022-07-28,dubbo,29
2022-08-11,dubbo,51
2022-08-25,dubbo,34
2022-09-08,dubbo,39
2022-09-22,dubbo,18
2022-10-06,dubbo,25
2022-10-20,dubbo,39
2022-11-03,dubbo,48
2022-11-17,dubbo,78
2022-12-01,dubbo,39
2022-12-15,dubbo,46
2022-12-29,dubbo,50
2023-01-12,dubbo,91
2023-01-26,dubbo,118
2023-02-09,dubbo,71
2023-02-23,dubbo,72
2023-03-09,dubbo,75
2023-03-23,dubbo,86
2023-04-06,dubbo,80
2023-04-20,dubbo,45
2023-05-04,dubbo,55
2023-05-18,dubbo,59
2023-06-01,dubbo,59
2023-06-15,dubbo,53
2023-06-29,dubbo,45
2023-07-13,dubbo,54
2023-07-27,dubbo,42
2023-08-10,dubbo,41
2023-08-24,dubbo,47
2023-09-07,dubbo,38
2023-09-21,dubbo,48
2023-10-05,dubbo,55
2023-10-19,dubbo,39
2023-11-02,dubbo,45
2023-11-16,dubbo,36
2023-11-30,dubbo,45
2023-12-14,dubbo,66
2023-12-28,dubbo,21
2024-01-11,dubbo,20
2010-12-15,flink,30
2010-12-29,flink,52
2011-01-12,flink,58
2011-01-26,flink,115
2011-02-09,flink,118
2011-02-23,flink,122
2011-03-09,flink,155
2011-03-23,flink,98
2011-04-06,flink,60
2011-04-20,flink,19
2011-05-04,flink,27
2011-05-18,flink,25
2011-06-01,flink,49
2011-06-15,flink,38
2011-06-29,flink,47
2011-07-13,flink,77
2011-07-27,flink,97
2011-08-10,flink,75
2011-08-24,flink,85
2011-09-07,flink,85
2011-09-21,flink,30
2011-10-05,flink,95
2011-10-19,flink,107
2011-11-02,flink,67
2011-11-16,flink,118
2011-11-30,flink,45
2011-12-14,flink,22
2011-12-28,flink,20
2012-01-11,flink,109
2012-01-25,flink,148
2012-02-08,flink,55
2012-02-22,flink,89
2012-03-07,flink,70
2012-03-21,flink,36
2012-04-04,flink,27
2012-04-18,flink,62
2012-05-02,flink,66
2012-05-16,flink,33
2012-05-30,flink,41
2012-06-13,flink,120
2012-06-27,flink,84
2012-07-11,flink,134
2012-07-25,flink,54
2012-08-08,flink,69
2012-08-22,flink,10
2012-09-05,flink,7
2012-09-19,flink,33
2012-10-03,flink,90
2012-10-17,flink,94
2012-10-31,flink,32
2012-11-14,flink,31
2012-11-28,flink,2
2012-12-12,flink,2
2012-12-26,flink,2
2013-01-09,flink,7
2013-01-23,flink,22
2013-02-06,flink,18
2013-02-20,flink,1
2013-03-06,flink,0
2013-03-20,flink,5
2013-04-03,flink,12
2013-04-17,flink,9
2013-05-01,flink,21
2013-05-15,flink,4
2013-05-29,flink,5
2013-06-12,flink,11
2013-06-26,flink,6
2013-07-10,flink,17
2013-07-24,flink,5
2013-08-07,flink,19
2013-08-21,flink,11
2013-09-04,flink,23
2013-09-18,flink,25
2013-10-02,flink,33
2013-10-16,flink,65
2013-10-30,flink,60
2013-11-13,flink,9
2013-11-27,flink,47
2013-12-11,flink,77
2013-12-25,flink,7
2014-01-08,flink,27
2014-01-22,flink,21
2014-02-05,flink,57
2014-02-19,flink,40
2014-03-05,flink,54
2014-03-19,flink,31
2014-04-02,flink,52
2014-04-16,flink,67
2014-04-30,flink,111
2014-05-14,flink,96
2014-05-28,flink,50
2014-06-11,flink,77
2014-06-25,flink,52
2014-07-09,flink,42
2014-07-23,flink,19
2014-08-06,flink,606
2014-08-20,flink,64
2014-09-03,flink,25
2014-09-17,flink,168
2014-10-01,flink,87
2014-10-15,flink,48
2014-10-29,flink,53
2014-11-12,flink,66
2014-11-26,flink,70
2014-12-10,flink,113
2014-12-24,flink,77
2015-01-07,flink,105
2015-01-21,flink,85
2015-02-04,flink,249
2015-02-18,flink,108
2015-03-04,flink,102
2015-03-18,flink,123
2015-04-01,flink,111
2015-04-15,flink,69
2015-04-29,flink,74
2015-05-13,flink,98
2015-05-27,flink,129
2015-06-10,flink,107
2015-06-24,flink,57
2015-07-08,flink,72
2015-07-22,flink,87
2015-08-05,flink,74
2015-08-19,flink,98
2015-09-02,flink,73
2015-09-16,flink,140
2015-09-30,flink,94
2015-10-14,flink,134
2015-10-28,flink,102
2015-11-11,flink,129
2015-11-25,flink,74
2015-12-09,flink,39
2015-12-23,flink,25
2016-01-06,flink,76
2016-01-20,flink,91
2016-02-03,flink,119
2016-02-17,flink,159
2016-03-02,flink,90
2016-03-16,flink,96
2016-03-30,flink,98
2016-04-13,flink,80
2016-04-27,flink,58
2016-05-11,flink,54
2016-05-25,flink,58
2016-06-08,flink,76
2016-06-22,flink,100
2016-07-06,flink,89
2016-07-20,flink,84
2016-08-03,flink,68
2016-08-17,flink,102
2016-08-31,flink,47
2016-09-14,flink,75
2016-09-28,flink,82
2016-10-12,flink,86
2016-10-26,flink,115
2016-11-09,flink,84
2016-11-23,flink,131
2016-12-07,flink,139
2016-12-21,flink,113
2017-01-04,flink,183
2017-01-18,flink,296
2017-02-01,flink,95
2017-02-15,flink,161
2017-03-01,flink,97
2017-03-15,flink,142
2017-03-29,flink,82
2017-04-12,flink,77
2017-04-26,flink,193
2017-05-10,flink,292
2017-05-24,flink,138
2017-06-07,flink,127
2017-06-21,flink,137
2017-07-05,flink,116
2017-07-19,flink,161
2017-08-02,flink,108
2017-08-16,flink,53
2017-08-30,flink,46
2017-09-13,flink,88
2017-09-27,flink,133
2017-10-11,flink,143
2017-10-25,flink,174
2017-11-08,flink,188
2017-11-22,flink,142
2017-12-06,flink,80
2017-12-20,flink,21
2018-01-03,flink,202
2018-01-17,flink,123
2018-01-31,flink,183
2018-02-14,flink,271
2018-02-28,flink,281
2018-03-14,flink,219
2018-03-28,flink,183
2018-04-11,flink,189
2018-04-25,flink,150
2018-05-09,flink,274
2018-05-23,flink,126
2018-06-06,flink,80
2018-06-20,flink,122
2018-07-04,flink,192
2018-07-18,flink,265
2018-08-01,flink,212
2018-08-15,flink,103
2018-08-29,flink,93
2018-09-12,flink,223
2018-09-26,flink,179
2018-10-10,flink,232
2018-10-24,flink,171
2018-11-07,flink,297
2018-11-21,flink,175
2018-12-05,flink,174
2018-12-19,flink,41
2019-01-02,flink,202
2019-01-16,flink,124
2019-01-30,flink,180
2019-02-13,flink,231
2019-02-27,flink,283
2019-03-13,flink,131
2019-03-27,flink,96
2019-04-10,flink,126
2019-04-24,flink,220
2019-05-08,flink,165
2019-05-22,flink,151
2019-06-05,flink,218
2019-06-19,flink,292
2019-07-03,flink,338
2019-07-17,flink,308
2019-07-31,flink,407
2019-08-14,flink,174
2019-08-28,flink,238
2019-09-11,flink,130
2019-09-25,flink,143
2019-10-09,flink,219
2019-10-23,flink,290
2019-11-06,flink,299
2019-11-20,flink,299
2019-12-04,flink,512
2019-12-18,flink,282
2020-01-01,flink,296
2020-01-15,flink,303
2020-01-29,flink,215
2020-02-12,flink,237
2020-02-26,flink,222
2020-03-11,flink,209
2020-03-25,flink,252
2020-04-08,flink,295
2020-04-22,flink,279
2020-05-06,flink,594
2020-05-20,flink,523
2020-06-03,flink,657
2020-06-17,flink,315
2020-07-01,flink,174
2020-07-15,flink,171
2020-07-29,flink,155
2020-08-12,flink,183
2020-08-26,flink,152
2020-09-09,flink,172
2020-09-23,flink,181
2020-10-07,flink,268
2020-10-21,flink,283
2020-11-04,flink,410
2020-11-18,flink,433
2020-12-02,flink,285
2020-12-16,flink,253
2020-12-30,flink,176
2021-01-13,flink,209
2021-01-27,flink,207
2021-02-10,flink,210
2021-02-24,flink,237
2021-03-10,flink,289
2021-03-24,flink,271
2021-04-07,flink,332
2021-04-21,flink,284
2021-05-05,flink,224
2021-05-19,flink,123
2021-06-02,flink,172
2021-06-16,flink,251
2021-06-30,flink,242
2021-07-14,flink,233
2021-07-28,flink,230
2021-08-11,flink,312
2021-08-25,flink,468
2021-09-08,flink,282
2021-09-22,flink,139
2021-10-06,flink,161
2021-10-20,flink,141
2021-11-03,flink,199
2021-11-17,flink,165
2021-12-01,flink,243
2021-12-15,flink,107
2021-12-29,flink,161
2022-01-12,flink,229
2022-01-26,flink,315
2022-02-09,flink,292
2022-02-23,flink,176
2022-03-09,flink,358
2022-03-23,flink,232
2022-04-06,flink,208
2022-04-20,flink,140
2022-05-04,flink,151
2022-05-18,flink,92
2022-06-01,flink,101
2022-06-15,flink,117
2022-06-29,flink,153
2022-07-13,flink,130
2022-07-27,flink,249
2022-08-10,flink,132
2022-08-24,flink,120
2022-09-07,flink,249
2022-09-21,flink,96
2022-10-05,flink,165
2022-10-19,flink,157
2022-11-02,flink,145
2022-11-16,flink,108
2022-11-30,flink,99
2022-12-14,flink,71
2022-12-28,flink,97
2023-01-11,flink,114
2023-01-25,flink,168
2023-02-08,flink,177
2023-02-22,flink,160
2023-03-08,flink,155
2023-03-22,flink,135
2023-04-05,flink,70
2023-04-19,flink,112
2023-05-03,flink,120
2023-05-17,flink,91
2023-05-31,flink,114
2023-06-14,flink,107
2023-06-28,flink,163
2023-07-12,flink,126
2023-07-26,flink,74
2023-08-09,flink,68
2023-08-23,flink,145
2023-09-06,flink,92
2023-09-20,flink,44
2023-10-04,flink,41
2023-10-18,flink,85
2023-11-01,flink,86
2023-11-15,flink,140
2023-11-29,flink,130
2023-12-13,flink,79
2023-12-27,flink,59
2024-01-10,flink,110
2006-01-27,hadoop,37
2006-02-10,hadoop,16
2006-02-24,hadoop,31
2006-03-10,hadoop,28
2006-03-24,hadoop,33
2006-04-07,hadoop,30
2006-04-21,hadoop,38
2006-05-05,hadoop,28
2006-05-19,hadoop,23
2006-06-02,hadoop,38
2006-06-16,hadoop,29
2006-06-30,hadoop,10
2006-07-14,hadoop,35
2006-07-28,hadoop,32
2006-08-11,hadoop,15
2006-08-25,hadoop,23
2006-09-08,hadoop,38
2006-09-22,hadoop,21
2006-10-06,hadoop,24
2006-10-20,hadoop,32
2006-11-03,hadoop,35
2006-11-17,hadoop,19
2006-12-01,hadoop,41
2006-12-15,hadoop,21
2006-12-29,hadoop,36
2007-01-12,hadoop,27
2007-01-26,hadoop,44
2007-02-09,hadoop,46
2007-02-23,hadoop,43
2007-03-09,hadoop,23
2007-03-23,hadoop,58
2007-04-06,hadoop,50
2007-04-20,hadoop,29
2007-05-04,hadoop,49
2007-05-18,hadoop,64
2007-06-01,hadoop,47
2007-06-15,hadoop,58
2007-06-29,hadoop,55
2007-07-13,hadoop,77
2007-07-27,hadoop,41
2007-08-10,hadoop,97
2007-08-24,hadoop,80
2007-09-07,hadoop,79
2007-09-21,hadoop,75
2007-10-05,hadoop,95
2007-10-19,hadoop,61
2007-11-02,hadoop,54
2007-11-16,hadoop,73
2007-11-30,hadoop,115
2007-12-14,hadoop,65
2007-12-28,hadoop,85
2008-01-11,hadoop,178
2008-01-25,hadoop,126
2008-02-08,hadoop,103
2008-02-22,hadoop,84
2008-03-07,hadoop,103
2008-03-21,hadoop,119
2008-04-04,hadoop,145
2008-04-18,hadoop,75
2008-05-02,hadoop,86
2008-05-16,hadoop,59
2008-05-30,hadoop,155
2008-06-13,hadoop,140
2008-06-27,hadoop,123
2008-07-11,hadoop,130
2008-07-25,hadoop,74
2008-08-08,hadoop,99
2008-08-22,hadoop,74
2008-09-05,hadoop,106
2008-09-19,hadoop,146
2008-10-03,hadoop,128
2008-10-17,hadoop,148
2008-10-31,hadoop,106
2008-11-14,hadoop,88
2008-11-28,hadoop,135
2008-12-12,hadoop,142
2008-12-26,hadoop,99
2009-01-09,hadoop,111
2009-01-23,hadoop,83
2009-02-06,hadoop,88
2009-02-20,hadoop,137
2009-03-06,hadoop,171
2009-03-20,hadoop,114
2009-04-03,hadoop,59
2009-04-17,hadoop,78
2009-05-01,hadoop,130
2009-05-15,hadoop,120
2009-05-29,hadoop,122
2009-06-12,hadoop,206
2009-06-26,hadoop,110
2009-07-10,hadoop,107
2009-07-24,hadoop,89
2009-08-07,hadoop,64
2009-08-21,hadoop,96
2009-09-04,hadoop,103
2009-09-18,hadoop,101
2009-10-02,hadoop,65
2009-10-16,hadoop,100
2009-10-30,hadoop,62
2009-11-13,hadoop,67
2009-11-27,hadoop,60
2009-12-11,hadoop,74
2009-12-25,hadoop,50
2010-01-08,hadoop,71
2010-01-22,hadoop,51
2010-02-05,hadoop,73
2010-02-19,hadoop,78
2010-03-05,hadoop,59
2010-03-19,hadoop,65
2010-04-02,hadoop,50
2010-04-16,hadoop,72
2010-04-30,hadoop,58
2010-05-14,hadoop,117
2010-05-28,hadoop,100
2010-06-11,hadoop,118
2010-06-25,hadoop,38
2010-07-09,hadoop,76
2010-07-23,hadoop,72
2010-08-06,hadoop,40
2010-08-20,hadoop,44
2010-09-03,hadoop,54
2010-09-17,hadoop,78
2010-10-01,hadoop,89
2010-10-15,hadoop,75
2010-10-29,hadoop,119
2010-11-12,hadoop,66
2010-11-26,hadoop,93
2010-12-10,hadoop,60
2010-12-24,hadoop,34
2011-01-07,hadoop,44
2011-01-21,hadoop,58
2011-02-04,hadoop,50
2011-02-18,hadoop,132
2011-03-04,hadoop,1090
2011-03-18,hadoop,99
2011-04-01,hadoop,105
2011-04-15,hadoop,105
2011-04-29,hadoop,136
2011-05-13,hadoop,142
2011-05-27,hadoop,105
2011-06-10,hadoop,199
2011-06-24,hadoop,110
2011-07-08,hadoop,135
2011-07-22,hadoop,202
2011-08-05,hadoop,147
2011-08-19,hadoop,210
2011-09-02,hadoop,305
2011-09-16,hadoop,356
2011-09-30,hadoop,295
2011-10-14,hadoop,343
2011-10-28,hadoop,350
2011-11-11,hadoop,233
2011-11-25,hadoop,194
2011-12-09,hadoop,222
2011-12-23,hadoop,107
2012-01-06,hadoop,208
2012-01-20,hadoop,256
2012-02-03,hadoop,302
2012-02-17,hadoop,268
2012-03-02,hadoop,212
2012-03-16,hadoop,239
2012-03-30,hadoop,358
2012-04-13,hadoop,229
2012-04-27,hadoop,268
2012-05-11,hadoop,176
2012-05-25,hadoop,169
2012-06-08,hadoop,140
2012-06-22,hadoop,163
2012-07-06,hadoop,328
2012-07-20,hadoop,205
2012-08-03,hadoop,181
2012-08-17,hadoop,265
2012-08-31,hadoop,265
2012-09-14,hadoop,220
2012-09-28,hadoop,243
2012-10-12,hadoop,290
2012-10-26,hadoop,203
2012-11-09,hadoop,267
2012-11-23,hadoop,163
2012-12-07,hadoop,172
2012-12-21,hadoop,111
2013-01-04,hadoop,285
2013-01-18,hadoop,189
2013-02-01,hadoop,209
2013-02-15,hadoop,109
2013-03-01,hadoop,231
2013-03-15,hadoop,197
2013-03-29,hadoop,224
2013-04-12,hadoop,228
2013-04-26,hadoop,206
2013-05-10,hadoop,164
2013-05-24,hadoop,282
2013-06-07,hadoop,399
2013-06-21,hadoop,197
2013-07-05,hadoop,281
2013-07-19,hadoop,323
2013-08-02,hadoop,297
2013-08-16,hadoop,251
2013-08-30,hadoop,177
2013-09-13,hadoop,269
2013-09-27,hadoop,347
2013-10-11,hadoop,240
2013-10-25,hadoop,171
2013-11-08,hadoop,241
2013-11-22,hadoop,166
2013-12-06,hadoop,207
2013-12-20,hadoop,87
2014-01-03,hadoop,212
2014-01-17,hadoop,291
2014-01-31,hadoop,285
2014-02-14,hadoop,319
2014-02-28,hadoop,352
2014-03-14,hadoop,335
2014-03-28,hadoop,209
2014-04-11,hadoop,219
2014-04-25,hadoop,144
2014-05-09,hadoop,243
2014-05-23,hadoop,141
2014-06-06,hadoop,219
2014-06-20,hadoop,218
2014-07-04,hadoop,217
2014-07-18,hadoop,261
2014-08-01,hadoop,289
2014-08-15,hadoop,260
2014-08-29,hadoop,292
2014-09-12,hadoop,389
2014-09-26,hadoop,368
2014-10-10,hadoop,354
2014-10-24,hadoop,430
2014-11-07,hadoop,323
2014-11-21,hadoop,153
2014-12-05,hadoop,244
2014-12-19,hadoop,97
2015-01-02,hadoop,153
2015-01-16,hadoop,206
2015-01-30,hadoop,311
2015-02-13,hadoop,337
2015-02-27,hadoop,224
2015-03-13,hadoop,367
2015-03-27,hadoop,299
2015-04-10,hadoop,248
2015-04-24,hadoop,297
2015-05-08,hadoop,413
2015-05-22,hadoop,375
2015-06-05,hadoop,234
2015-06-19,hadoop,240
2015-07-03,hadoop,202
2015-07-17,hadoop,203
2015-07-31,hadoop,351
2015-08-14,hadoop,250
2015-08-28,hadoop,363
2015-09-11,hadoop,257
2015-09-25,hadoop,208
2015-10-09,hadoop,247
2015-10-23,hadoop,312
2015-11-06,hadoop,261
2015-11-20,hadoop,254
2015-12-04,hadoop,284
2015-12-18,hadoop,167
2016-01-01,hadoop,298
2016-01-15,hadoop,367
2016-01-29,hadoop,296
2016-02-12,hadoop,279
2016-02-26,hadoop,274
2016-03-11,hadoop,204
2016-03-25,hadoop,274
2016-04-08,hadoop,260
2016-04-22,hadoop,216
2016-05-06,hadoop,321
2016-05-20,hadoop,214
2016-06-03,hadoop,279
2016-06-17,hadoop,360
2016-07-01,hadoop,443
2016-07-15,hadoop,224
2016-07-29,hadoop,288
2016-08-12,hadoop,258
2016-08-26,hadoop,201
2016-09-09,hadoop,210
2016-09-23,hadoop,292
2016-10-07,hadoop,281
2016-10-21,hadoop,394
2016-11-04,hadoop,292
2016-11-18,hadoop,170
2016-12-02,hadoop,212
2016-12-16,hadoop,111
2016-12-30,hadoop,174
2017-01-13,hadoop,178
2017-01-27,hadoop,103
2017-02-10,hadoop,170
2017-02-24,hadoop,288
2017-03-10,hadoop,186
2017-03-24,hadoop,237
2017-04-07,hadoop,190
2017-04-21,hadoop,257
2017-05-05,hadoop,195
2017-05-19,hadoop,211
2017-06-02,hadoop,338
2017-06-16,hadoop,179
2017-06-30,hadoop,179
2017-07-14,hadoop,194
2017-07-28,hadoop,335
2017-08-11,hadoop,188
2017-08-25,hadoop,505
2017-09-08,hadoop,455
2017-09-22,hadoop,327
2017-10-06,hadoop,620
2017-10-20,hadoop,416
2017-11-03,hadoop,346
2017-11-17,hadoop,163
2017-12-01,hadoop,239
2017-12-15,hadoop,202
2017-12-29,hadoop,154
2018-01-12,hadoop,209
2018-01-26,hadoop,227
2018-02-09,hadoop,238
2018-02-23,hadoop,1152
2018-03-09,hadoop,522
2018-03-23,hadoop,425
2018-04-06,hadoop,352
2018-04-20,hadoop,756
2018-05-04,hadoop,291
2018-05-18,hadoop,287
2018-06-01,hadoop,288
2018-06-15,hadoop,143
2018-06-29,hadoop,164
2018-07-13,hadoop,186
2018-07-27,hadoop,199
2018-08-10,hadoop,249
2018-08-24,hadoop,174
2018-09-07,hadoop,387
2018-09-21,hadoop,169
2018-10-05,hadoop,383
2018-10-19,hadoop,294
2018-11-02,hadoop,254
2018-11-16,hadoop,194
2018-11-30,hadoop,135
2018-12-14,hadoop,143
2018-12-28,hadoop,149
2019-01-11,hadoop,181
2019-01-25,hadoop,175
2019-02-08,hadoop,187
2019-02-22,hadoop,229
2019-03-08,hadoop,192
2019-03-22,hadoop,167
2019-04-05,hadoop,141
2019-04-19,hadoop,145
2019-05-03,hadoop,103
2019-05-17,hadoop,151
2019-05-31,hadoop,170
2019-06-14,hadoop,362
2019-06-28,hadoop,190
2019-07-12,hadoop,283
2019-07-26,hadoop,248
2019-08-09,hadoop,363
2019-08-23,hadoop,323
2019-09-06,hadoop,213
2019-09-20,hadoop,252
2019-10-04,hadoop,193
2019-10-18,hadoop,128
2019-11-01,hadoop,100
2019-11-15,hadoop,139
2019-11-29,hadoop,113
2019-12-13,hadoop,73
2019-12-27,hadoop,94
2020-01-10,hadoop,109
2020-01-24,hadoop,85
2020-02-07,hadoop,81
2020-02-21,hadoop,115
2020-03-06,hadoop,83
2020-03-20,hadoop,71
2020-04-03,hadoop,105
2020-04-17,hadoop,155
2020-05-01,hadoop,141
2020-05-15,hadoop,91
2020-05-29,hadoop,122
2020-06-12,hadoop,82
2020-06-26,hadoop,133
2020-07-10,hadoop,106
2020-07-24,hadoop,112
2020-08-07,hadoop,80
2020-08-21,hadoop,88
2020-09-04,hadoop,95
2020-09-18,hadoop,72
2020-10-02,hadoop,94
2020-10-16,hadoop,104
2020-10-30,hadoop,116
2020-11-13,hadoop,92
2020-11-27,hadoop,137
2020-12-11,hadoop,63
2020-12-25,hadoop,37
2021-01-08,hadoop,100
2021-01-22,hadoop,108
2021-02-05,hadoop,78
2021-02-19,hadoop,125
2021-03-05,hadoop,137
2021-03-19,hadoop,178
2021-04-02,hadoop,121
2021-04-16,hadoop,121
2021-04-30,hadoop,71
2021-05-14,hadoop,111
2021-05-28,hadoop,65
2021-06-11,hadoop,86
2021-06-25,hadoop,63
2021-07-09,hadoop,71
2021-07-23,hadoop,108
2021-08-06,hadoop,65
2021-08-20,hadoop,80
2021-09-03,hadoop,106
2021-09-17,hadoop,107
2021-10-01,hadoop,77
2021-10-15,hadoop,65
2021-10-29,hadoop,59
2021-11-12,hadoop,107
2021-11-26,hadoop,89
2021-12-10,hadoop,77
2021-12-24,hadoop,113
2022-01-07,hadoop,51
2022-01-21,hadoop,50
2022-02-04,hadoop,56
2022-02-18,hadoop,68
2022-03-04,hadoop,63
2022-03-18,hadoop,80
2022-04-01,hadoop,74
2022-04-15,hadoop,94
2022-04-29,hadoop,50
2022-05-13,hadoop,81
2022-05-27,hadoop,50
2022-06-10,hadoop,87
2022-06-24,hadoop,35
2022-07-08,hadoop,41
2022-07-22,hadoop,73
2022-08-05,hadoop,64
2022-08-19,hadoop,65
2022-09-02,hadoop,46
2022-09-16,hadoop,53
2022-09-30,hadoop,61
2022-10-14,hadoop,71
2022-10-28,hadoop,53
2022-11-11,hadoop,37
2022-11-25,hadoop,50
2022-12-09,hadoop,58
2022-12-23,hadoop,21
2023-01-06,hadoop,45
2023-01-20,hadoop,27
2023-02-03,hadoop,70
2023-02-17,hadoop,83
2023-03-03,hadoop,47
2023-03-17,hadoop,47
2023-03-31,hadoop,41
2023-04-14,hadoop,106
2023-04-28,hadoop,97
2023-05-12,hadoop,81
2023-05-26,hadoop,54
2023-06-09,hadoop,74
2023-06-23,hadoop,56
2023-07-07,hadoop,84
2023-07-21,hadoop,55
2023-08-04,hadoop,57
2023-08-18,hadoop,50
2023-09-01,hadoop,48
2023-09-15,hadoop,65
2023-09-29,hadoop,64
2023-10-13,hadoop,85
2023-10-27,hadoop,63
2023-11-10,hadoop,28
2023-11-24,hadoop,80
2023-12-08,hadoop,49
2023-12-22,hadoop,50
2024-01-05,hadoop,52
2003-09-01,maven,6
2003-09-15,maven,5
2003-09-29,maven,6
2003-10-13,maven,9
2003-10-27,maven,0
2003-11-10,maven,0
2003-11-24,maven,0
2003-12-08,maven,2
2003-12-22,maven,10
2004-01-05,maven,12
2004-01-19,maven,8
2004-02-02,maven,15
2004-02-16,maven,1
2004-03-01,maven,30
2004-03-15,maven,18
2004-03-29,maven,31
2004-04-12,maven,29
2004-04-26,maven,6
2004-05-10,maven,21
2004-05-24,maven,21
2004-06-07,maven,81
2004-06-21,maven,23
2004-07-05,maven,9
2004-07-19,maven,46
2004-08-02,maven,66
2004-08-16,maven,31
2004-08-30,maven,57
2004-09-13,maven,80
2004-09-27,maven,27
2004-10-11,maven,29
2004-10-25,maven,14
2004-11-08,maven,1
2004-11-22,maven,8
2004-12-06,maven,13
2004-12-20,maven,31
2005-01-03,maven,19
2005-01-17,maven,11
2005-01-31,maven,32
2005-02-14,maven,68
2005-02-28,maven,114
2005-03-14,maven,143
2005-03-28,maven,162
2005-04-11,maven,144
2005-04-25,maven,159
2005-05-09,maven,160
2005-05-23,maven,98
2005-06-06,maven,138
2005-06-20,maven,177
2005-07-04,maven,74
2005-07-18,maven,229
2005-08-01,maven,91
2005-08-15,maven,98
2005-08-29,maven,121
2005-09-12,maven,307
2005-09-26,maven,458
2005-10-10,maven,413
2005-10-24,maven,203
2005-11-07,maven,87
2005-11-21,maven,37
2005-12-05,maven,66
2005-12-19,maven,34
2006-01-02,maven,71
2006-01-16,maven,42
2006-01-30,maven,34
2006-02-13,maven,102
2006-02-27,maven,42
2006-03-13,maven,11
2006-03-27,maven,69
2006-04-10,maven,38
2006-04-24,maven,18
2006-05-08,maven,9
2006-05-22,maven,22
2006-06-05,maven,24
2006-06-19,maven,33
2006-07-03,maven,53
2006-07-17,maven,76
2006-07-31,maven,18
2006-08-14,maven,11
2006-08-28,maven,12
2006-09-11,maven,4
2006-09-25,maven,5
2006-10-09,maven,498
2006-10-23,maven,80
2006-11-06,maven,10
2006-11-20,maven,7
2006-12-04,maven,34
2006-12-18,maven,21
2007-01-01,maven,55
2007-01-15,maven,57
2007-01-29,maven,13
2007-02-12,maven,24
2007-02-26,maven,100
2007-03-12,maven,33
2007-03-26,maven,29
2007-04-09,maven,23
2007-04-23,maven,19
2007-05-07,maven,4
2007-05-21,maven,72
2007-06-04,maven,61
2007-06-18,maven,18
2007-07-02,maven,10
2007-07-16,maven,9
2007-07-30,maven,15
2007-08-13,maven,34
2007-08-27,maven,111
2007-09-10,maven,17
2007-09-24,maven,17
2007-10-08,maven,42
2007-10-22,maven,72
2007-11-05,maven,26
2007-11-19,maven,39
2007-12-03,maven,26
2007-12-17,maven,6
2007-12-31,maven,49
2008-01-14,maven,54
2008-01-28,maven,48
2008-02-11,maven,31
2008-02-25,maven,61
2008-03-10,maven,82
2008-03-24,maven,56
2008-04-07,maven,54
2008-04-21,maven,21
2008-05-05,maven,13
2008-05-19,maven,13
2008-06-02,maven,6
2008-06-16,maven,52
2008-06-30,maven,80
2008-07-14,maven,19
2008-07-28,maven,16
2008-08-11,maven,11
2008-08-25,maven,8
2008-09-08,maven,46
2008-09-22,maven,50
2008-10-06,maven,8
2008-10-20,maven,18
2008-11-03,maven,27
2008-11-17,maven,130
2008-12-01,maven,72
2008-12-15,maven,122
2008-12-29,maven,38
2009-01-12,maven,42
2009-01-26,maven,72
2009-02-09,maven,101
2009-02-23,maven,260
2009-03-09,maven,83
2009-03-23,maven,115
2009-04-06,maven,42
2009-04-20,maven,157
2009-05-04,maven,130
2009-05-18,maven,112
2009-06-01,maven,96
2009-06-15,maven,87
2009-06-29,maven,42
2009-07-13,maven,85
2009-07-27,maven,89
2009-08-10,maven,79
2009-08-24,maven,66
2009-09-07,maven,70
2009-09-21,maven,49
2009-10-05,maven,36
2009-10-19,maven,59
2009-11-02,maven,39
2009-11-16,maven,22
2009-11-30,maven,12
2009-12-14,maven,8
2009-12-28,maven,21
2010-01-11,maven,33
2010-01-25,maven,9
2010-02-08,maven,7
2010-02-22,maven,8
2010-03-08,maven,18
2010-03-22,maven,34
2010-04-05,maven,43
2010-04-19,maven,20
2010-05-03,maven,19
2010-05-17,maven,10
2010-05-31,maven,14
2010-06-14,maven,9
2010-06-28,maven,7
2010-07-12,maven,23
2010-07-26,maven,17
2010-08-09,maven,12
2010-08-23,maven,43
2010-09-06,maven,24
2010-09-20,maven,27
2010-10-04,maven,15
2010-10-18,maven,9
2010-11-01,maven,11
2010-11-15,maven,31
2010-11-29,maven,9
2010-12-13,maven,10
2010-12-27,maven,21
2011-01-10,maven,14
2011-01-24,maven,6
2011-02-07,maven,18
2011-02-21,maven,27
2011-03-07,maven,5
2011-03-21,maven,2
2011-04-04,maven,1
2011-04-18,maven,3
2011-05-02,maven,2
2011-05-16,maven,5
2011-05-30,maven,4
2011-06-13,maven,7
2011-06-27,maven,3
2011-07-11,maven,9
2011-07-25,maven,15
2011-08-08,maven,8
2011-08-22,maven,22
2011-09-05,maven,21
2011-09-19,maven,16
2011-10-03,maven,4
2011-10-17,maven,18
2011-10-31,maven,0
2011-11-14,maven,15
2011-11-28,maven,45
2011-12-12,maven,10
2011-12-26,maven,14
2012-01-09,maven,4
2012-01-23,maven,2
2012-02-06,maven,13
2012-02-20,maven,0
2012-03-05,maven,5
2012-03-19,maven,0
2012-04-02,maven,2
2012-04-16,maven,2
2012-04-30,maven,6
2012-05-14,maven,14
2012-05-28,maven,4
2012-06-11,maven,1
2012-06-25,maven,3
2012-07-09,maven,5
2012-07-23,maven,2
2012-08-06,maven,4
2012-08-20,maven,9
2012-09-03,maven,4
2012-09-17,maven,12
2012-10-01,maven,9
2012-10-15,maven,19
2012-10-29,maven,19
2012-11-12,maven,61
2012-11-26,maven,43
2012-12-10,maven,30
2012-12-24,maven,4
2013-01-07,maven,11
2013-01-21,maven,16
2013-02-04,maven,23
2013-02-18,maven,9
2013-03-04,maven,10
2013-03-18,maven,19
2013-04-01,maven,3
2013-04-15,maven,1
2013-04-29,maven,0
2013-05-13,maven,15
2013-05-27,maven,16
2013-06-10,maven,16
2013-06-24,maven,6
2013-07-08,maven,11
2013-07-22,maven,16
2013-08-05,maven,9
2013-08-19,maven,11
2013-09-02,maven,15
2013-09-16,maven,4
2013-09-30,maven,1
2013-10-14,maven,1
2013-10-28,maven,1
2013-11-11,maven,4
2013-11-25,maven,0
2013-12-09,maven,5
2013-12-23,maven,2
2014-01-06,maven,36
2014-01-20,maven,6
2014-02-03,maven,43
2014-02-17,maven,8
2014-03-03,maven,3
2014-03-17,maven,8
2014-03-31,maven,2
2014-04-14,maven,2
2014-04-28,maven,4
2014-05-12,maven,19
2014-05-26,maven,0
2014-06-09,maven,26
2014-06-23,maven,8
2014-07-07,maven,3
2014-07-21,maven,2
2014-08-04,maven,4
2014-08-18,maven,6
2014-09-01,maven,3
2014-09-15,maven,1
2014-09-29,maven,4
2014-10-13,maven,4
2014-10-27,maven,21
2014-11-10,maven,4
2014-11-24,maven,10
2014-12-08,maven,10
2014-12-22,maven,25
2015-01-05,maven,12
2015-01-19,maven,5
2015-02-02,maven,8
2015-02-16,maven,25
2015-03-02,maven,23
2015-03-16,maven,3
2015-03-30,maven,6
2015-04-13,maven,8
2015-04-27,maven,6
2015-05-11,maven,1
2015-05-25,maven,1
2015-06-08,maven,4
2015-06-22,maven,2
2015-07-06,maven,5
2015-07-20,maven,10
2015-08-03,maven,6
2015-08-17,maven,2
2015-08-31,maven,14
2015-09-14,maven,13
2015-09-28,maven,15
2015-10-12,maven,8
2015-10-26,maven,8
2015-11-09,maven,5
2015-11-23,maven,4
2015-12-07,maven,25
2015-12-21,maven,7
2016-01-04,maven,6
2016-01-18,maven,21
2016-02-01,maven,11
2016-02-15,maven,32
2016-02-29,maven,4
2016-03-14,maven,0
2016-03-28,maven,1
2016-04-11,maven,3
2016-04-25,maven,9
2016-05-09,maven,8
2016-05-23,maven,25
2016-06-06,maven,23
2016-06-20,maven,19
2016-07-04,maven,11
2016-07-18,maven,15
2016-08-01,maven,10
2016-08-15,maven,5
2016-08-29,maven,4
2016-09-12,maven,9
2016-09-26,maven,9
2016-10-10,maven,11
2016-10-24,maven,1
2016-11-07,maven,24
2016-11-21,maven,2
2016-12-05,maven,28
2016-12-19,maven,21
2017-01-02,maven,20
2017-01-16,maven,44
2017-01-30,maven,26
2017-02-13,maven,16
2017-02-27,maven,14
2017-03-13,maven,22
2017-03-27,maven,13
2017-04-10,maven,6
2017-04-24,maven,1
2017-05-08,maven,7
2017-05-22,maven,3
2017-06-05,maven,3
2017-06-19,maven,0
2017-07-03,maven,2
2017-07-17,maven,0
2017-07-31,maven,2
2017-08-14,maven,4
2017-08-28,maven,6
2017-09-11,maven,1
2017-09-25,maven,2
2017-10-09,maven,6
2017-10-23,maven,1
2017-11-06,maven,3
2017-11-20,maven,2
2017-12-04,maven,6
2017-12-18,maven,4
2018-01-01,maven,6
2018-01-15,maven,4
2018-01-29,maven,14
2018-02-12,maven,4
2018-02-26,maven,3
2018-03-12,maven,4
2018-03-26,maven,1
2018-04-09,maven,2
2018-04-23,maven,2
2018-05-07,maven,8
2018-05-21,maven,2
2018-06-04,maven,8
2018-06-18,maven,7
2018-07-02,maven,2
2018-07-16,maven,3
2018-07-30,maven,2
2018-08-13,maven,2
2018-08-27,maven,2
2018-09-10,maven,11
2018-09-24,maven,2
2018-10-08,maven,8
2018-10-22,maven,6
2018-11-05,maven,7
2018-11-19,maven,2
2018-12-03,maven,0
2018-12-17,maven,6
2018-12-31,maven,10
2019-01-14,maven,10
2019-01-28,maven,4
2019-02-11,maven,5
2019-02-25,maven,0
2019-03-11,maven,6
2019-03-25,maven,7
2019-04-08,maven,5
2019-04-22,maven,9
2019-05-06,maven,5
2019-05-20,maven,8
2019-06-03,maven,12
2019-06-17,maven,4
2019-07-01,maven,6
2019-07-15,maven,9
2019-07-29,maven,9
2019-08-12,maven,3
2019-08-26,maven,5
2019-09-09,maven,2
2019-09-23,maven,0
2019-10-07,maven,6
2019-10-21,maven,1
2019-11-04,maven,8
2019-11-18,maven,6
2019-12-02,maven,21
2019-12-16,maven,5
2019-12-30,maven,8
2020-01-13,maven,14
2020-01-27,maven,6
2020-02-10,maven,1
2020-02-24,maven,3
2020-03-09,maven,9
2020-03-23,maven,27
2020-04-06,maven,6
2020-04-20,maven,8
2020-05-04,maven,4
2020-05-18,maven,243
2020-06-01,maven,6
2020-06-15,maven,293
2020-06-29,maven,4
2020-07-13,maven,4
2020-07-27,maven,3
2020-08-10,maven,4
2020-08-24,maven,4
2020-09-07,maven,4
2020-09-21,maven,5
2020-10-05,maven,6
2020-10-19,maven,9
2020-11-02,maven,12
2020-11-16,maven,4
2020-11-30,maven,8
2020-12-14,maven,20
2020-12-28,maven,14
2021-01-11,maven,4
2021-01-25,maven,6
2021-02-08,maven,8
2021-02-22,maven,5
2021-03-08,maven,24
2021-03-22,maven,21
2021-04-05,maven,11
2021-04-19,maven,3
2021-05-03,maven,9
2021-05-17,maven,6
2021-05-31,maven,2
2021-06-14,maven,18
2021-06-28,maven,33
2021-07-12,maven,34
2021-07-26,maven,9
2021-08-09,maven,8
2021-08-23,maven,4
2021-09-06,maven,21
2021-09-20,maven,30
2021-10-04,maven,56
2021-10-18,maven,6
2021-11-01,maven,7
2021-11-15,maven,5
2021-11-29,maven,5
2021-12-13,maven,11
2021-12-27,maven,28
2022-01-10,maven,16
2022-01-24,maven,6
2022-02-07,maven,12
2022-02-21,maven,34
2022-03-07,maven,27
2022-03-21,maven,8
2022-04-04,maven,18
2022-04-18,maven,14
2022-05-02,maven,9
2022-05-16,maven,8
2022-05-30,maven,24
2022-06-13,maven,12
2022-06-27,maven,3
2022-07-11,maven,14
2022-07-25,maven,5
2022-08-08,maven,1
2022-08-22,maven,13
2022-09-05,maven,8
2022-09-19,maven,1
2022-10-03,maven,40
2022-10-17,maven,19
2022-10-31,maven,10
2022-11-14,maven,26
2022-11-28,maven,24
2022-12-12,maven,68
2022-12-26,maven,21
2023-01-09,maven,12
2023-01-23,maven,28
2023-02-06,maven,23
2023-02-20,maven,40
2023-03-06,maven,64
2023-03-20,maven,10
2023-04-03,maven,14
2023-04-17,maven,10
2023-05-01,maven,12
2023-05-15,maven,26
2023-05-29,maven,25
2023-06-12,maven,52
2023-06-26,maven,11
2023-07-10,maven,8
2023-07-24,maven,8
2023-08-07,maven,1
2023-08-21,maven,10
2023-09-04,maven,29
2023-09-18,maven,33
2023-10-02,maven,12
2023-10-16,maven,32
2023-10-30,maven,8
2023-11-13,maven,25
2023-11-27,maven,18
2023-12-11,maven,25
2023-12-25,maven,2
2024-01-08,maven,23
2016-09-07,pulsar,30
2016-09-21,pulsar,18
2016-10-05,pulsar,22
2016-10-19,pulsar,20
2016-11-02,pulsar,11
2016-11-16,pulsar,14
2016-11-30,pulsar,10
2016-12-14,pulsar,7
2016-12-28,pulsar,13
2017-01-11,pulsar,11
2017-01-25,pulsar,13
2017-02-08,pulsar,24
2017-02-22,pulsar,47
2017-03-08,pulsar,18
2017-03-22,pulsar,30
2017-04-05,pulsar,27
2017-04-19,pulsar,47
2017-05-03,pulsar,18
2017-05-17,pulsar,16
2017-05-31,pulsar,35
2017-06-14,pulsar,49
2017-06-28,pulsar,19
2017-07-12,pulsar,31
2017-07-26,pulsar,40
2017-08-09,pulsar,33
2017-08-23,pulsar,15
2017-09-06,pulsar,26
2017-09-20,pulsar,27
2017-10-04,pulsar,18
2017-10-18,pulsar,33
2017-11-01,pulsar,19
2017-11-15,pulsar,17
2017-11-29,pulsar,31
2017-12-13,pulsar,20
2017-12-27,pulsar,26
2018-01-10,pulsar,22
2018-01-24,pulsar,71
2018-02-07,pulsar,63
2018-02-21,pulsar,343
2018-03-07,pulsar,47
2018-03-21,pulsar,64
2018-04-04,pulsar,88
2018-04-18,pulsar,91
2018-05-02,pulsar,87
2018-05-16,pulsar,65
2018-05-30,pulsar,95
2018-06-13,pulsar,84
2018-06-27,pulsar,71
2018-07-11,pulsar,75
2018-07-25,pulsar,87
2018-08-08,pulsar,66
2018-08-22,pulsar,119
2018-09-05,pulsar,68
2018-09-19,pulsar,72
2018-10-03,pulsar,75
2018-10-17,pulsar,66
2018-10-31,pulsar,60
2018-11-14,pulsar,64
2018-11-28,pulsar,67
2018-12-12,pulsar,97
2018-12-26,pulsar,45
2019-01-09,pulsar,47
2019-01-23,pulsar,69
2019-02-06,pulsar,71
2019-02-20,pulsar,68
2019-03-06,pulsar,74
2019-03-20,pulsar,164
2019-04-03,pulsar,60
2019-04-17,pulsar,63
2019-05-01,pulsar,39
2019-05-15,pulsar,122
2019-05-29,pulsar,83
2019-06-12,pulsar,63
2019-06-26,pulsar,56
2019-07-10,pulsar,38
2019-07-24,pulsar,51
2019-08-07,pulsar,33
2019-08-21,pulsar,157
2019-09-04,pulsar,65
2019-09-18,pulsar,49
2019-10-02,pulsar,43
2019-10-16,pulsar,63
2019-10-30,pulsar,60
2019-11-13,pulsar,164
2019-11-27,pulsar,54
2019-12-11,pulsar,38
2019-12-25,pulsar,31
2020-01-08,pulsar,41
2020-01-22,pulsar,48
2020-02-05,pulsar,79
2020-02-19,pulsar,37
2020-03-04,pulsar,33
2020-03-18,pulsar,116
2020-04-01,pulsar,244
2020-04-15,pulsar,48
2020-04-29,pulsar,105
2020-05-13,pulsar,60
2020-05-27,pulsar,146
2020-06-10,pulsar,51
2020-06-24,pulsar,67
2020-07-08,pulsar,62
2020-07-22,pulsar,144
2020-08-05,pulsar,73
2020-08-19,pulsar,42
2020-09-02,pulsar,71
2020-09-16,pulsar,48
2020-09-30,pulsar,50
2020-10-14,pulsar,134
2020-10-28,pulsar,216
2020-11-11,pulsar,109
2020-11-25,pulsar,120
2020-12-09,pulsar,111
2020-12-23,pulsar,76
2021-01-06,pulsar,104
2021-01-20,pulsar,112
2021-02-03,pulsar,125
2021-02-17,pulsar,154
2021-03-03,pulsar,104
2021-03-17,pulsar,127
2021-03-31,pulsar,58
2021-04-14,pulsar,148
2021-04-28,pulsar,89
2021-05-12,pulsar,126
2021-05-26,pulsar,102
2021-06-09,pulsar,100
2021-06-23,pulsar,166
2021-07-07,pulsar,125
2021-07-21,pulsar,142
2021-08-04,pulsar,147
2021-08-18,pulsar,119
2021-09-01,pulsar,126
2021-09-15,pulsar,111
2021-09-29,pulsar,98
2021-10-13,pulsar,153
2021-10-27,pulsar,169
2021-11-10,pulsar,192
2021-11-24,pulsar,184
2021-12-08,pulsar,421
2021-12-22,pulsar,167
2022-01-05,pulsar,194
2022-01-19,pulsar,205
2022-02-02,pulsar,175
2022-02-16,pulsar,202
2022-03-02,pulsar,142
2022-03-16,pulsar,208
2022-03-30,pulsar,172
2022-04-13,pulsar,214
2022-04-27,pulsar,203
2022-05-11,pulsar,235
2022-05-25,pulsar,210
2022-06-08,pulsar,187
2022-06-22,pulsar,188
2022-07-06,pulsar,212
2022-07-20,pulsar,230
2022-08-03,pulsar,236
2022-08-17,pulsar,207
2022-08-31,pulsar,243
2022-09-14,pulsar,246
2022-09-28,pulsar,107
2022-10-12,pulsar,164
2022-10-26,pulsar,144
2022-11-09,pulsar,226
2022-11-23,pulsar,238
2022-12-07,pulsar,279
2022-12-21,pulsar,71
2023-01-04,pulsar,91
2023-01-18,pulsar,105
2023-02-01,pulsar,219
2023-02-15,pulsar,148
2023-03-01,pulsar,112
2023-03-15,pulsar,82
2023-03-29,pulsar,100
2023-04-12,pulsar,101
2023-04-26,pulsar,116
2023-05-10,pulsar,74
2023-05-24,pulsar,205
2023-06-07,pulsar,89
2023-06-21,pulsar,119
2023-07-05,pulsar,123
2023-07-19,pulsar,55
2023-08-02,pulsar,35
2023-08-16,pulsar,123
2023-08-30,pulsar,127
2023-09-13,pulsar,88
2023-09-27,pulsar,67
2023-10-11,pulsar,131
2023-10-25,pulsar,83
2023-11-08,pulsar,79
2023-11-22,pulsar,100
2023-12-06,pulsar,77
2023-12-20,pulsar,46
2024-01-03,pulsar,77
