id,created_at,closed_at
1706665855,2024-02-01T16:49:18Z,
1705653566,2024-02-01T08:23:42Z,2024-02-01T10:20:33Z
1700253683,2024-01-29T15:54:57Z,
1700008101,2024-01-29T13:47:23Z,2024-01-29T15:27:43Z
1695649597,2024-01-25T13:53:58Z,
1695359550,2024-01-25T11:01:26Z,2024-01-25T13:58:24Z
1693527787,2024-01-24T11:34:05Z,
1692151014,2024-01-23T16:47:14Z,2024-01-29T15:51:24Z
1691083810,2024-01-23T06:20:59Z,2024-01-30T23:39:20Z
1688782661,2024-01-21T19:35:04Z,
1687101764,2024-01-19T15:19:27Z,2024-01-23T12:06:56Z
1686363315,2024-01-19T08:37:39Z,2024-01-22T17:27:48Z
1684519531,2024-01-18T09:54:26Z,2024-01-18T11:51:16Z
1683666017,2024-01-17T20:55:47Z,2024-01-19T11:00:29Z
1683147248,2024-01-17T15:03:19Z,2024-01-17T15:34:23Z
1680890307,2024-01-16T12:35:37Z,
1679121910,2024-01-15T11:55:48Z,
1677807903,2024-01-13T15:45:58Z,2024-01-15T16:49:26Z
1677789607,2024-01-13T14:48:09Z,2024-01-14T20:21:20Z
1677765932,2024-01-13T13:29:16Z,
1677309812,2024-01-12T21:48:58Z,2024-01-13T13:02:41Z
1676848560,2024-01-12T16:47:11Z,2024-01-15T12:14:56Z
1676624208,2024-01-12T14:51:43Z,
1674240983,2024-01-11T11:40:04Z,2024-01-11T15:12:49Z
1674137739,2024-01-11T10:39:02Z,2024-01-11T12:16:51Z
1673103999,2024-01-10T20:10:43Z,2024-01-18T11:04:57Z
1672961613,2024-01-10T18:42:00Z,2024-01-11T17:35:13Z
1672835198,2024-01-10T17:13:58Z,2024-02-01T16:25:04Z
1672107546,2024-01-10T10:00:52Z,2024-01-10T12:53:43Z
1671733641,2024-01-10T05:03:07Z,2024-01-11T12:35:02Z
1671220464,2024-01-09T19:18:53Z,2024-01-10T12:55:54Z
1671022380,2024-01-09T17:04:26Z,2024-01-09T20:57:17Z
1670500491,2024-01-09T11:47:25Z,
1670126354,2024-01-09T07:34:44Z,2024-01-09T13:04:57Z
1669400784,2024-01-08T18:07:27Z,2024-01-09T06:39:48Z
1667500722,2024-01-06T20:44:37Z,2024-01-06T22:33:30Z
1662157126,2024-01-02T18:30:40Z,2024-01-06T21:07:36Z
1660693464,2023-12-31T16:50:05Z,2024-01-08T08:52:00Z
1652381284,2023-12-20T16:22:30Z,2023-12-21T08:05:10Z
1652193544,2023-12-20T14:42:54Z,2024-01-09T06:36:59Z
1651930704,2023-12-20T11:48:10Z,2024-01-11T16:55:21Z
1651857791,2023-12-20T10:54:19Z,2023-12-21T05:31:27Z
1650610029,2023-12-19T15:44:43Z,2023-12-19T19:08:55Z
1650298265,2023-12-19T12:37:27Z,2023-12-20T13:03:57Z
1650143566,2023-12-19T10:52:32Z,2024-01-11T17:47:28Z
1649202046,2023-12-18T19:49:53Z,2023-12-20T13:03:35Z
1648526495,2023-12-18T12:44:49Z,2023-12-18T15:31:24Z
1648469406,2023-12-18T12:10:23Z,2023-12-18T12:26:50Z
1648417540,2023-12-18T11:36:14Z,2023-12-18T12:01:04Z
1648403938,2023-12-18T11:27:32Z,2023-12-18T12:00:26Z
1647334442,2023-12-17T14:17:58Z,2023-12-18T10:30:20Z
1647327589,2023-12-17T13:53:22Z,2023-12-18T09:56:08Z
1645934477,2023-12-15T12:14:10Z,2023-12-15T15:48:33Z
1644138699,2023-12-14T12:43:54Z,2023-12-15T06:33:12Z
1643984254,2023-12-14T10:58:34Z,2023-12-15T06:34:19Z
1643949847,2023-12-14T10:36:43Z,2023-12-15T06:39:42Z
1643134698,2023-12-13T21:21:02Z,2023-12-14T10:51:17Z
1642799188,2023-12-13T16:49:39Z,2023-12-13T22:19:20Z
1641146433,2023-12-12T17:36:17Z,2023-12-18T10:34:31Z
1639119829,2023-12-11T15:56:07Z,2023-12-13T15:20:22Z
1634991352,2023-12-07T18:35:05Z,2023-12-18T11:03:18Z
1633937214,2023-12-07T08:27:41Z,
1633936607,2023-12-07T08:27:24Z,2023-12-08T09:10:50Z
1633932832,2023-12-07T08:25:46Z,2023-12-07T20:05:02Z
1632905917,2023-12-06T17:00:58Z,2023-12-08T08:42:45Z
1632816936,2023-12-06T16:07:52Z,2023-12-07T15:07:51Z
1631302688,2023-12-05T22:11:20Z,2023-12-17T17:46:42Z
1630046713,2023-12-05T10:11:57Z,2024-01-08T10:38:13Z
1622678044,2023-11-29T22:13:31Z,2023-12-05T22:11:25Z
1618790966,2023-11-27T22:02:10Z,2023-12-06T14:08:35Z
1616723139,2023-11-25T23:00:57Z,2023-11-26T15:31:33Z
1616702099,2023-11-25T21:01:22Z,2023-11-25T21:29:29Z
1615435961,2023-11-24T08:44:06Z,2023-11-27T23:13:26Z
1613521832,2023-11-22T21:16:50Z,2023-11-23T16:37:01Z
1612646912,2023-11-22T11:42:15Z,2023-11-28T17:17:10Z
1612514734,2023-11-22T10:20:44Z,2023-11-22T21:04:34Z
1610682004,2023-11-21T10:35:17Z,2023-11-21T11:05:02Z
1609120521,2023-11-20T13:32:14Z,2023-11-20T17:01:13Z
1608980515,2023-11-20T12:07:55Z,2023-11-20T12:45:00Z
1608751575,2023-11-20T10:00:08Z,2023-11-27T23:11:35Z
1608088085,2023-11-19T21:46:16Z,2023-11-20T07:41:24Z
1608061253,2023-11-19T20:19:34Z,2023-11-20T06:44:20Z
1608044054,2023-11-19T19:20:03Z,2023-11-19T19:21:19Z
1608038590,2023-11-19T19:00:44Z,2023-11-19T19:23:26Z
1607890624,2023-11-19T11:33:20Z,2023-11-19T15:46:24Z
1607624974,2023-11-18T16:11:26Z,2023-11-19T21:11:14Z
1606296648,2023-11-17T12:08:42Z,2023-11-17T15:05:55Z
1604267279,2023-11-16T12:05:14Z,2023-11-17T15:52:15Z
1604035254,2023-11-16T09:38:36Z,2023-12-05T08:11:33Z
1602701252,2023-11-15T15:00:37Z,2023-11-17T15:51:48Z
1602699722,2023-11-15T14:59:41Z,2023-11-17T15:51:29Z
1602698351,2023-11-15T14:58:52Z,2023-11-17T15:50:51Z
1601898075,2023-11-15T05:02:08Z,2023-12-05T09:23:26Z
1601046178,2023-11-14T16:26:18Z,2023-12-17T17:29:37Z
1601036097,2023-11-14T16:20:29Z,2023-11-14T16:25:32Z
1595294694,2023-11-10T00:04:18Z,2024-01-16T16:42:04Z
1594483930,2023-11-09T14:06:03Z,2023-11-21T11:04:02Z
1594359804,2023-11-09T12:52:35Z,2023-11-17T15:31:11Z
1593386046,2023-11-08T22:00:02Z,2023-11-27T19:18:15Z
1586629633,2023-11-03T19:48:23Z,
1572579494,2023-10-25T10:03:16Z,2023-11-06T19:04:44Z
1566727743,2023-10-20T13:42:57Z,2023-11-09T23:47:54Z
1566641618,2023-10-20T12:51:52Z,2023-10-20T15:19:56Z
1566585299,2023-10-20T12:13:21Z,2023-10-20T15:19:20Z
1565456764,2023-10-19T19:11:44Z,2023-10-20T07:14:02Z
1565179974,2023-10-19T15:53:56Z,2023-10-20T05:54:44Z
1565176020,2023-10-19T15:52:21Z,2023-10-20T10:38:58Z
1562610243,2023-10-18T12:59:25Z,2023-10-18T13:31:37Z
1561324222,2023-10-17T21:04:02Z,2023-10-18T05:47:36Z
1561193062,2023-10-17T19:35:35Z,2023-10-17T21:06:27Z
1560986536,2023-10-17T17:10:52Z,2023-10-17T17:11:48Z
1560731422,2023-10-17T14:39:39Z,2023-10-26T22:22:13Z
1559491060,2023-10-16T22:27:32Z,2023-10-20T07:44:51Z
1558510887,2023-10-16T12:36:26Z,2023-10-16T13:44:34Z
1557570215,2023-10-15T21:09:16Z,2023-10-16T11:26:42Z
1557181718,2023-10-14T22:52:28Z,2023-11-07T15:06:40Z
1557110283,2023-10-14T19:30:58Z,
1555931226,2023-10-13T13:32:49Z,2023-10-18T18:06:57Z
1555710617,2023-10-13T11:03:20Z,2024-01-08T10:37:09Z
1555708273,2023-10-13T11:01:26Z,2023-10-16T11:25:27Z
1555334242,2023-10-13T06:16:14Z,2023-10-19T11:53:44Z
1554693351,2023-10-12T18:55:28Z,2023-10-13T06:15:35Z
1546237760,2023-10-07T04:57:43Z,2023-10-07T05:36:56Z
1546078678,2023-10-06T22:34:42Z,2023-10-12T20:26:00Z
1542565117,2023-10-04T21:46:54Z,2023-10-10T10:11:45Z
1538003269,2023-10-02T13:16:04Z,2023-10-17T17:53:33Z
1531189782,2023-09-26T19:21:02Z,2023-09-27T20:01:48Z
1530825486,2023-09-26T15:15:57Z,2023-10-20T14:30:44Z
1530799388,2023-09-26T15:03:34Z,2023-10-20T12:16:34Z
1530788932,2023-09-26T14:57:50Z,2023-10-19T12:19:37Z
1530776142,2023-09-26T14:52:06Z,2023-10-05T18:41:13Z
1530773192,2023-09-26T14:50:53Z,2023-10-05T01:46:41Z
1530768733,2023-09-26T14:48:47Z,2023-09-27T11:17:28Z
1529547287,2023-09-25T21:34:40Z,2023-10-19T07:06:16Z
1529244842,2023-09-25T17:30:46Z,2023-10-05T01:44:02Z
1527802234,2023-09-24T19:48:02Z,2023-09-26T17:50:21Z
1527445916,2023-09-23T15:31:37Z,2023-09-25T13:31:31Z
1527444687,2023-09-23T15:26:14Z,2023-09-25T13:29:43Z
1527352343,2023-09-23T08:51:02Z,2023-09-24T20:16:13Z
1526547138,2023-09-22T12:59:45Z,2023-09-27T07:28:32Z
1526205968,2023-09-22T08:58:36Z,2023-09-22T10:54:27Z
1526018478,2023-09-22T06:33:51Z,2023-09-22T07:03:47Z
1526009707,2023-09-22T06:24:45Z,2023-09-22T08:59:31Z
1524751850,2023-09-21T12:14:45Z,2023-09-22T06:34:52Z
1524744666,2023-09-21T12:09:58Z,2023-09-26T05:17:52Z
1521790941,2023-09-19T18:20:24Z,2023-09-22T07:14:57Z
1521110671,2023-09-19T11:11:25Z,2023-09-22T06:02:26Z
1520971663,2023-09-19T09:34:36Z,2023-09-22T06:02:04Z
1520963044,2023-09-19T09:29:15Z,2023-09-22T06:01:37Z
1520595886,2023-09-19T03:46:03Z,2023-09-19T06:22:02Z
1519767446,2023-09-18T15:43:18Z,2023-09-26T06:51:42Z
1518317257,2023-09-16T20:20:13Z,2023-09-18T06:08:07Z
1515553817,2023-09-14T11:45:40Z,2023-09-19T14:31:35Z
1515213583,2023-09-14T08:24:10Z,2023-09-19T13:58:04Z
1515206582,2023-09-14T08:20:05Z,2023-09-14T11:48:15Z
1515157275,2023-09-14T07:50:23Z,2023-09-22T10:53:44Z
1514454817,2023-09-13T19:43:48Z,2023-09-14T07:51:38Z
1512634639,2023-09-12T18:55:26Z,2023-09-13T11:39:51Z
1510930751,2023-09-11T19:59:58Z,2023-10-05T12:26:31Z
1510795301,2023-09-11T18:18:42Z,
1509946501,2023-09-11T09:27:06Z,2023-09-11T16:15:00Z
1509806473,2023-09-11T08:05:03Z,2023-09-11T16:14:37Z
1509768818,2023-09-11T07:40:57Z,2023-09-11T16:17:27Z
1509295047,2023-09-10T21:32:53Z,2023-09-10T22:37:22Z
1509270480,2023-09-10T20:10:09Z,2023-09-10T22:38:11Z
1509261850,2023-09-10T19:31:03Z,2023-09-10T22:42:53Z
1509043119,2023-09-10T06:46:57Z,2023-09-11T16:59:46Z
1508198464,2023-09-08T16:49:05Z,2023-09-10T22:38:45Z
1507964954,2023-09-08T14:04:55Z,2023-09-08T14:14:34Z
1507309336,2023-09-08T06:27:58Z,2023-09-13T11:41:12Z
1504037686,2023-09-06T06:40:11Z,2023-09-06T11:28:54Z
1504000444,2023-09-06T06:07:51Z,2023-09-06T08:39:32Z
1503471372,2023-09-05T21:03:36Z,2023-09-05T22:20:23Z
1502967237,2023-09-05T14:56:58Z,2023-09-07T10:02:58Z
1502917774,2023-09-05T14:26:39Z,2023-09-05T19:41:21Z
1501754474,2023-09-04T19:25:42Z,2023-09-05T16:06:44Z
1499011088,2023-09-01T14:59:48Z,2023-09-01T20:26:42Z
1497254610,2023-08-31T14:09:10Z,2023-09-22T09:07:17Z
1493455125,2023-08-29T10:04:10Z,2023-08-29T11:33:17Z
1486281238,2023-08-23T11:46:25Z,2023-08-23T13:05:21Z
1482898349,2023-08-21T13:36:11Z,2023-08-23T19:25:14Z
1468925355,2023-08-09T16:03:42Z,2023-08-11T00:17:47Z
1464013702,2023-08-06T02:51:28Z,2023-08-25T15:51:43Z
1461067209,2023-08-03T09:09:41Z,2023-08-03T09:29:11Z
1460063939,2023-08-02T16:15:15Z,2023-08-04T00:32:57Z
1452210733,2023-07-27T15:26:14Z,2023-12-06T16:10:19Z
1451850842,2023-07-27T11:48:03Z,2024-01-10T17:14:26Z
1445860349,2023-07-24T01:35:36Z,2023-08-29T10:06:11Z
1442179598,2023-07-20T06:03:20Z,
1442033313,2023-07-20T03:01:08Z,2023-09-14T08:24:48Z
1441220334,2023-07-19T15:04:50Z,2023-08-01T10:19:51Z
1441149117,2023-07-19T14:24:50Z,2023-07-19T15:37:29Z
1438799572,2023-07-18T08:31:43Z,
1437354902,2023-07-17T13:37:24Z,2023-07-18T20:56:07Z
1437354338,2023-07-17T13:37:07Z,2023-08-22T06:10:39Z
1437353829,2023-07-17T13:36:53Z,2023-07-18T20:55:32Z
1435834601,2023-07-15T12:28:50Z,2023-07-15T17:58:20Z
1432618082,2023-07-13T08:16:15Z,2023-08-29T15:25:58Z
1424657925,2023-07-07T13:07:38Z,
1420700720,2023-07-05T09:01:33Z,2023-07-06T07:20:04Z
1420489916,2023-07-05T06:33:22Z,2023-09-22T07:25:11Z
1419781586,2023-07-04T14:41:08Z,2023-07-05T13:45:15Z
1418990928,2023-07-04T05:30:28Z,2023-07-05T13:49:09Z
1418520776,2023-07-03T18:32:11Z,2023-08-23T08:17:47Z
1416707958,2023-07-02T12:02:52Z,2023-08-22T11:52:51Z
1414859592,2023-06-30T13:29:42Z,2023-07-04T06:36:08Z
1411653183,2023-06-28T13:23:05Z,2023-07-11T14:40:49Z
1411424121,2023-06-28T10:41:13Z,
1410856534,2023-06-28T01:58:19Z,2023-07-11T14:40:53Z
1410194009,2023-06-27T16:03:16Z,
1408384744,2023-06-26T17:35:51Z,2023-07-11T14:46:26Z
1408204272,2023-06-26T15:31:14Z,
1407600654,2023-06-26T09:57:53Z,2023-06-29T10:03:51Z
1405614455,2023-06-23T20:12:15Z,2023-06-23T21:11:40Z
1405407404,2023-06-23T17:46:05Z,2023-06-24T08:51:09Z
1404826358,2023-06-23T10:11:21Z,2023-06-23T11:04:58Z
1404669252,2023-06-23T08:07:33Z,2023-06-23T08:55:58Z
1404668995,2023-06-23T08:07:19Z,2023-06-23T08:55:45Z
1403926411,2023-06-22T17:43:02Z,2023-06-29T15:32:20Z
1398534333,2023-06-19T16:47:41Z,2023-06-23T09:24:19Z
1397798725,2023-06-19T08:48:58Z,2023-06-19T09:16:35Z
1397798340,2023-06-19T08:48:39Z,2023-06-19T09:16:18Z
1397653271,2023-06-19T07:03:47Z,2023-06-19T21:08:59Z
1397651770,2023-06-19T07:02:55Z,2023-06-19T07:03:40Z
1397229455,2023-06-18T18:06:44Z,2023-12-14T14:41:47Z
1395457722,2023-06-16T10:26:51Z,2023-06-16T10:58:15Z
1395272182,2023-06-16T08:02:04Z,2023-06-16T10:03:49Z
1395219689,2023-06-16T07:24:43Z,2023-06-16T08:53:26Z
1395211575,2023-06-16T07:19:43Z,2023-06-16T07:47:45Z
1395182167,2023-06-16T06:55:24Z,2023-06-19T15:07:19Z
1394607362,2023-06-15T18:48:46Z,2023-06-16T07:01:14Z
1394058615,2023-06-15T12:42:07Z,2023-06-15T13:10:28Z
1394051027,2023-06-15T12:36:47Z,2023-06-15T13:09:52Z
1393951634,2023-06-15T11:30:59Z,2023-06-19T10:39:14Z
1393912652,2023-06-15T11:06:09Z,2023-06-15T12:09:06Z
1393912233,2023-06-15T11:05:51Z,2023-06-15T12:09:16Z
1393179789,2023-06-14T22:42:53Z,2023-06-23T20:53:24Z
1392699007,2023-06-14T15:59:18Z,2023-09-19T05:24:30Z
1392108013,2023-06-14T10:23:20Z,2023-06-14T10:26:36Z
1391303182,2023-06-13T21:07:23Z,2023-06-15T14:51:32Z
1391122319,2023-06-13T18:32:44Z,2023-06-13T19:22:43Z
1389340341,2023-06-12T19:50:35Z,2023-06-13T20:45:34Z
1388454818,2023-06-12T10:59:54Z,2023-06-15T15:29:06Z
1387617454,2023-06-11T17:27:28Z,2023-06-12T09:18:03Z
1387602734,2023-06-11T16:35:42Z,2023-06-12T09:18:11Z
1387599844,2023-06-11T16:27:08Z,2023-06-12T09:18:42Z
1386240171,2023-06-09T13:54:58Z,2023-06-13T18:15:52Z
1384293467,2023-06-08T11:35:20Z,2023-06-15T14:24:56Z
1381553612,2023-06-06T21:28:30Z,2023-06-12T11:55:43Z
1378659695,2023-06-05T09:46:26Z,2023-06-19T15:06:57Z
1378478790,2023-06-05T07:59:36Z,2023-10-16T11:28:48Z
1378474134,2023-06-05T07:57:14Z,2023-06-06T11:10:30Z
1377621172,2023-06-04T08:07:40Z,2023-06-14T05:48:47Z
1375995085,2023-06-02T15:54:35Z,
1375993818,2023-06-02T15:53:44Z,2023-06-04T05:05:07Z
1375992543,2023-06-02T15:52:46Z,2023-06-19T15:06:02Z
1375577975,2023-06-02T11:02:39Z,2023-06-04T05:11:11Z
1375339163,2023-06-02T08:36:00Z,2023-06-16T10:01:43Z
1374683210,2023-06-01T19:51:09Z,2023-06-19T15:04:04Z
1374632246,2023-06-01T19:09:03Z,2023-06-05T08:45:37Z
1374593370,2023-06-01T18:43:15Z,2023-06-05T08:44:47Z
1374387632,2023-06-01T16:08:53Z,2023-06-01T17:00:07Z
1374288716,2023-06-01T15:11:59Z,2023-06-02T11:58:36Z
1374004939,2023-06-01T12:32:41Z,2023-06-04T05:10:58Z
1371620566,2023-05-31T07:33:49Z,2023-06-01T17:05:48Z
1368157891,2023-05-28T20:56:01Z,2023-06-01T15:24:31Z
1365922028,2023-05-26T08:24:25Z,2023-05-31T07:40:49Z
1365868027,2023-05-26T07:41:52Z,2023-05-31T07:40:43Z
1365146320,2023-05-25T18:14:25Z,2023-05-30T22:32:24Z
1364489107,2023-05-25T10:23:53Z,2023-06-01T17:05:07Z
1363963437,2023-05-25T01:21:09Z,
1363744783,2023-05-24T20:31:04Z,2023-09-05T21:09:04Z
1363527070,2023-05-24T17:23:21Z,
1362916827,2023-05-24T11:28:36Z,2023-05-24T15:00:55Z
1362837094,2023-05-24T10:33:55Z,2023-05-24T10:35:17Z
1362675490,2023-05-24T08:56:47Z,2023-05-26T16:19:12Z
1362645530,2023-05-24T08:36:15Z,2023-05-31T07:38:09Z
1362626765,2023-05-24T08:24:08Z,2023-05-24T08:35:26Z
1362593671,2023-05-24T08:01:59Z,2023-05-31T07:38:28Z
1361538507,2023-05-23T14:34:04Z,
1359808163,2023-05-22T19:15:02Z,2023-06-05T08:47:13Z
1357579989,2023-05-19T19:30:10Z,2023-11-29T18:08:19Z
1357410414,2023-05-19T16:49:03Z,2023-05-24T06:28:24Z
1357191234,2023-05-19T13:57:03Z,2023-05-19T15:47:32Z
1357046560,2023-05-19T11:59:03Z,2023-05-19T15:47:04Z
1356882507,2023-05-19T09:40:15Z,2023-05-19T15:46:39Z
1352113248,2023-05-16T09:02:45Z,2023-05-16T09:17:16Z
1352040768,2023-05-16T08:19:06Z,2023-05-17T05:15:45Z
1351831489,2023-05-16T05:28:02Z,2023-05-17T05:19:19Z
1350325720,2023-05-15T08:14:02Z,2023-05-22T19:19:34Z
1347370140,2023-05-11T16:12:45Z,2023-05-11T16:19:54Z
1347368757,2023-05-11T16:11:37Z,2023-05-11T16:11:57Z
1345614046,2023-05-10T15:01:49Z,2023-05-22T19:16:30Z
1343765206,2023-05-09T13:30:45Z,2023-05-09T23:46:02Z
1339794922,2023-05-05T12:11:55Z,2023-05-05T15:21:17Z
1339472948,2023-05-05T07:37:10Z,2023-05-05T08:00:35Z
1339471219,2023-05-05T07:35:26Z,2023-05-05T08:00:41Z
1335461470,2023-05-02T15:49:44Z,2023-05-02T18:37:57Z
1335435835,2023-05-02T15:31:07Z,2023-06-21T13:07:56Z
1335328866,2023-05-02T14:19:00Z,2023-05-05T12:01:38Z
1331444406,2023-04-28T07:37:37Z,2023-05-02T14:19:16Z
1329860136,2023-04-27T07:18:13Z,2023-05-23T08:50:16Z
1324135265,2023-04-22T21:31:41Z,
1316703155,2023-04-17T14:02:07Z,2023-05-16T08:56:44Z
1316648614,2023-04-17T13:36:22Z,2023-06-04T19:03:41Z
1316613995,2023-04-17T13:15:34Z,2023-04-26T13:51:40Z
1315190693,2023-04-15T17:42:39Z,2023-04-16T12:53:36Z
1315176042,2023-04-15T17:01:31Z,2023-04-16T14:27:36Z
1313049271,2023-04-13T19:41:31Z,2023-04-17T13:23:48Z
1312976720,2023-04-13T18:39:27Z,2023-06-16T08:54:10Z
1312695567,2023-04-13T15:13:32Z,2023-05-31T11:21:35Z
1312499450,2023-04-13T13:17:31Z,
1312198517,2023-04-13T09:33:28Z,2023-04-17T13:20:55Z
1310621778,2023-04-12T10:19:52Z,2023-04-13T09:56:13Z
1309642586,2023-04-11T20:39:42Z,2023-04-11T20:50:05Z
1307029511,2023-04-10T04:45:22Z,2023-04-10T05:37:10Z
1304793290,2023-04-06T13:52:28Z,2023-04-13T09:35:02Z
1302221553,2023-04-04T20:07:58Z,2023-04-06T08:51:18Z
1300354181,2023-04-03T16:25:14Z,2023-04-12T09:42:30Z
1298387565,2023-03-31T21:50:30Z,2023-04-01T01:56:04Z
1296856639,2023-03-30T21:05:30Z,2023-04-17T12:22:44Z
1290471365,2023-03-26T20:10:09Z,2023-04-12T10:26:40Z
1290298455,2023-03-26T10:19:12Z,2023-04-12T10:26:48Z
1290165396,2023-03-25T22:26:55Z,2023-03-26T23:58:20Z
1290071630,2023-03-25T16:01:43Z,2023-03-27T17:22:05Z
1290071100,2023-03-25T15:59:45Z,2023-03-27T17:21:33Z
1288735036,2023-03-24T09:31:38Z,2023-06-12T19:39:23Z
1288685206,2023-03-24T08:53:23Z,2023-03-24T19:40:40Z
1285807318,2023-03-22T12:50:13Z,2023-03-23T10:36:23Z
1282810318,2023-03-20T15:09:14Z,2023-03-23T05:29:39Z
1281620610,2023-03-19T13:36:22Z,2023-03-19T20:19:22Z
1281426107,2023-03-19T00:17:45Z,2023-04-13T09:45:18Z
1281319893,2023-03-18T20:49:18Z,2023-05-16T09:06:05Z
1280815381,2023-03-17T22:43:21Z,2023-03-22T12:44:38Z
1279853237,2023-03-17T08:29:32Z,2023-03-23T05:31:49Z
1279162121,2023-03-16T19:16:49Z,2023-05-05T13:12:13Z
1278793095,2023-03-16T15:04:43Z,2023-04-20T10:58:12Z
1278592254,2023-03-16T13:30:57Z,2023-04-21T19:28:41Z
1278498748,2023-03-16T12:27:09Z,2023-06-19T10:32:14Z
1278349315,2023-03-16T10:48:48Z,2023-04-12T11:06:00Z
1276640990,2023-03-15T10:59:59Z,2023-03-15T12:12:48Z
1275238085,2023-03-14T15:15:53Z,2023-03-14T15:42:10Z
1274042320,2023-03-13T22:09:01Z,2023-03-14T15:05:25Z
1272238147,2023-03-12T06:35:16Z,2023-03-13T09:08:45Z
1272159853,2023-03-11T21:29:11Z,2023-03-11T21:49:58Z
1272151188,2023-03-11T20:41:29Z,2023-03-13T00:17:09Z
1272044666,2023-03-11T13:20:49Z,2023-03-11T19:13:03Z
1271512227,2023-03-10T17:52:02Z,2023-06-12T18:36:33Z
1271089484,2023-03-10T12:20:52Z,2023-03-13T00:15:52Z
1270762369,2023-03-10T07:54:26Z,
1270502508,2023-03-10T01:24:03Z,2023-03-10T12:25:13Z
1268146460,2023-03-08T16:41:56Z,2023-03-11T19:24:25Z
1267490372,2023-03-08T08:13:59Z,2023-03-09T15:26:59Z
1267057464,2023-03-07T22:49:17Z,2023-03-11T15:24:56Z
1267056419,2023-03-07T22:47:56Z,2023-03-09T15:28:10Z
1267017349,2023-03-07T22:09:54Z,2023-03-09T05:24:50Z
1266836129,2023-03-07T19:39:40Z,2023-09-19T14:27:55Z
1266576150,2023-03-07T16:26:18Z,2023-03-08T08:04:35Z
1266570202,2023-03-07T16:21:48Z,2023-03-08T08:04:11Z
1266488198,2023-03-07T15:28:36Z,2023-03-08T08:03:34Z
1266139261,2023-03-07T12:00:27Z,2023-03-11T19:24:13Z
1264137532,2023-03-06T09:51:22Z,2023-03-06T10:17:57Z
1263402974,2023-03-05T12:55:07Z,
1263254921,2023-03-05T00:43:42Z,2023-03-05T12:43:43Z
1263101515,2023-03-04T14:37:39Z,2023-03-08T00:11:30Z
1263093156,2023-03-04T14:06:44Z,2023-03-07T15:44:46Z
1261588557,2023-03-03T07:20:56Z,2023-03-03T07:52:41Z
1261003813,2023-03-02T20:13:25Z,2023-03-03T07:52:59Z
1260713999,2023-03-02T16:13:06Z,2023-03-03T17:05:42Z
1260629011,2023-03-02T15:18:02Z,2023-03-03T17:07:10Z
1260585212,2023-03-02T14:51:17Z,2023-03-03T17:08:12Z
1260155281,2023-03-02T09:43:37Z,2023-03-02T10:17:48Z
1259318290,2023-03-01T19:16:59Z,2023-03-06T09:42:55Z
1259155489,2023-03-01T17:03:41Z,2023-03-02T08:19:54Z
1259139978,2023-03-01T16:55:19Z,2023-03-09T20:15:24Z
1258754196,2023-03-01T12:35:07Z,2023-03-01T12:51:51Z
1258633339,2023-03-01T11:07:30Z,2023-03-01T12:30:05Z
1258508202,2023-03-01T09:44:43Z,2023-03-01T10:17:56Z
1258367923,2023-03-01T08:00:03Z,2023-03-09T20:14:49Z
1255502861,2023-02-27T13:45:46Z,2023-03-01T10:20:19Z
1254615417,2023-02-26T21:55:44Z,2023-02-27T12:38:19Z
1254493101,2023-02-26T13:38:47Z,2023-02-26T18:27:58Z
1254489715,2023-02-26T13:25:16Z,2023-05-16T09:10:40Z
1254120204,2023-02-25T07:39:18Z,2023-03-02T00:37:28Z
1252827553,2023-02-24T08:16:25Z,2023-02-24T08:49:27Z
1251831623,2023-02-23T14:58:24Z,2023-02-23T17:14:45Z
1251315601,2023-02-23T08:40:31Z,2023-02-23T08:43:33Z
1251313974,2023-02-23T08:38:56Z,2023-02-23T08:43:29Z
1248884188,2023-02-21T15:17:51Z,2023-02-23T14:49:48Z
1248490210,2023-02-21T10:21:53Z,2023-02-23T08:56:34Z
1248440830,2023-02-21T09:46:06Z,2023-02-22T12:21:35Z
1248428866,2023-02-21T09:36:13Z,2023-02-22T12:21:54Z
1247376070,2023-02-20T14:08:46Z,2023-11-19T20:25:29Z
1247318121,2023-02-20T13:22:49Z,2023-02-20T20:31:55Z
1247218203,2023-02-20T12:20:43Z,2023-03-03T15:41:08Z
1246116517,2023-02-18T19:51:14Z,2023-02-18T20:35:05Z
1245309788,2023-02-17T15:03:48Z,2023-03-01T10:31:30Z
1243557940,2023-02-16T11:39:14Z,2024-01-08T11:54:23Z
1241225010,2023-02-14T21:53:58Z,2023-02-17T20:27:24Z
1239527882,2023-02-13T19:50:35Z,2023-03-07T17:12:30Z
1236266420,2023-02-10T08:09:03Z,2023-02-17T20:03:09Z
1235795301,2023-02-09T21:48:08Z,2023-02-15T07:49:39Z
1235299225,2023-02-09T15:25:47Z,
1235234351,2023-02-09T14:47:41Z,2023-03-09T20:14:21Z
1234700826,2023-02-09T08:04:44Z,2023-02-20T20:31:16Z
1233981992,2023-02-08T18:30:30Z,2023-02-09T19:00:31Z
1233981172,2023-02-08T18:29:37Z,2023-02-08T18:29:58Z
1233919637,2023-02-08T17:35:27Z,2023-02-09T17:48:54Z
1233702446,2023-02-08T15:08:46Z,2023-02-23T08:50:58Z
1233211331,2023-02-08T09:00:08Z,2023-02-09T18:04:50Z
1233185897,2023-02-08T08:37:35Z,2023-02-08T08:42:55Z
1231638202,2023-02-07T09:02:40Z,2023-03-02T05:30:25Z
1230760463,2023-02-06T17:03:47Z,2023-02-07T19:47:08Z
1230744259,2023-02-06T16:50:53Z,2023-02-07T21:24:27Z
1230646636,2023-02-06T15:44:04Z,2023-03-13T18:35:35Z
1229609365,2023-02-05T21:57:24Z,
1229369602,2023-02-05T07:36:14Z,2023-02-05T12:33:03Z
1229367588,2023-02-05T07:22:10Z,2023-02-05T12:46:24Z
1224397533,2023-02-01T07:14:30Z,2023-02-01T07:17:26Z
1224390067,2023-02-01T07:07:54Z,2023-02-01T07:17:10Z
1223145563,2023-01-31T11:38:35Z,2023-01-31T12:19:23Z
1222903735,2023-01-31T08:27:41Z,2023-01-31T09:22:09Z
1222855569,2023-01-31T07:42:24Z,2023-03-16T14:26:51Z
1221810678,2023-01-30T15:15:52Z,2023-01-30T15:20:36Z
1221788008,2023-01-30T15:02:20Z,2023-01-30T15:20:46Z
1220084683,2023-01-28T01:20:23Z,2023-01-30T14:11:30Z
1219082478,2023-01-27T10:16:03Z,2023-01-27T14:56:17Z
1217553892,2023-01-26T08:29:28Z,2023-01-30T14:10:19Z
1217547874,2023-01-26T08:21:31Z,2023-01-30T14:08:26Z
1217514117,2023-01-26T07:34:01Z,2023-01-30T14:08:08Z
1216635548,2023-01-25T14:10:32Z,2023-01-25T14:22:17Z
1216620059,2023-01-25T13:59:23Z,2023-01-25T14:22:26Z
1216604515,2023-01-25T13:47:00Z,2023-01-25T13:55:58Z
1210397740,2023-01-19T16:48:00Z,
1200332379,2023-01-17T14:10:55Z,2023-01-26T10:42:24Z
1200324320,2023-01-17T14:05:06Z,2023-01-17T14:11:26Z
1199846274,2023-01-17T07:11:43Z,2023-01-17T09:08:19Z
1199268477,2023-01-16T16:49:07Z,2023-01-17T18:48:49Z
1198649265,2023-01-16T08:51:00Z,2023-01-16T13:29:22Z
1198647401,2023-01-16T08:48:55Z,2023-01-16T13:29:33Z
1197022862,2023-01-13T17:04:37Z,2023-01-13T20:46:16Z
1195173603,2023-01-12T11:34:20Z,2023-01-16T13:30:48Z
1195167083,2023-01-12T11:28:08Z,2023-01-16T13:31:09Z
1194867172,2023-01-12T07:07:15Z,2023-01-19T10:55:20Z
1194493648,2023-01-11T22:23:16Z,2023-01-13T11:00:49Z
1194439435,2023-01-11T21:39:46Z,2023-01-11T21:53:03Z
1193418367,2023-01-11T07:54:18Z,2023-01-12T07:11:43Z
1191934319,2023-01-10T07:26:30Z,2023-11-09T13:34:11Z
1191553541,2023-01-09T22:36:38Z,2023-01-19T23:38:52Z
1185032778,2023-01-04T14:55:19Z,2023-11-08T11:11:13Z
1184652748,2023-01-04T10:16:29Z,2023-01-09T15:06:49Z
1182568488,2023-01-02T12:29:12Z,2023-01-03T15:52:23Z
1182043112,2023-01-01T18:53:14Z,2023-01-01T20:10:32Z
1181484434,2022-12-31T15:50:35Z,2023-01-03T21:08:35Z
1180774009,2022-12-30T08:23:09Z,2023-01-01T12:41:10Z
1180359064,2022-12-29T15:56:31Z,2023-04-17T13:36:50Z
1178627793,2022-12-27T15:13:02Z,2023-11-15T10:38:32Z
1178462403,2022-12-27T11:19:37Z,2022-12-29T13:02:33Z
1178012006,2022-12-26T19:47:34Z,2022-12-29T20:51:35Z
1177931075,2022-12-26T17:30:13Z,2022-12-26T19:38:01Z
1177923571,2022-12-26T17:15:13Z,2022-12-26T19:01:33Z
1177915908,2022-12-26T17:01:32Z,2023-03-25T10:04:16Z
1176714148,2022-12-23T18:59:36Z,2022-12-26T15:12:32Z
1176149588,2022-12-23T08:17:14Z,2022-12-24T19:01:53Z
1172687186,2022-12-20T19:42:00Z,2022-12-21T08:30:45Z
1172564890,2022-12-20T17:44:46Z,2022-12-21T22:33:01Z
1172563465,2022-12-20T17:43:36Z,2022-12-21T22:39:52Z
1172563054,2022-12-20T17:43:07Z,2022-12-21T22:39:42Z
1172106472,2022-12-20T12:22:08Z,
1172096990,2022-12-20T12:13:26Z,2022-12-20T13:14:27Z
1169964574,2022-12-18T22:14:23Z,2022-12-19T19:02:44Z
1169922534,2022-12-18T19:10:26Z,2022-12-18T21:30:11Z
1169897741,2022-12-18T17:03:44Z,2022-12-23T08:18:05Z
1169888498,2022-12-18T16:32:09Z,2022-12-19T20:10:20Z
1169883478,2022-12-18T16:08:15Z,2022-12-18T16:58:22Z
1169855414,2022-12-18T14:11:21Z,2022-12-18T18:40:55Z
1169803881,2022-12-18T10:40:06Z,2022-12-18T11:23:02Z
1169619118,2022-12-17T23:47:59Z,2022-12-18T14:00:43Z
1169619050,2022-12-17T23:47:32Z,2022-12-18T14:01:03Z
1169617794,2022-12-17T23:40:24Z,2022-12-18T12:13:54Z
1169580787,2022-12-17T21:01:29Z,2022-12-20T08:25:23Z
1169576353,2022-12-17T20:35:25Z,2022-12-20T08:25:34Z
1167352723,2022-12-15T20:48:29Z,2022-12-23T19:05:54Z
1166640220,2022-12-15T11:33:52Z,2022-12-18T15:19:04Z
1166283054,2022-12-15T06:28:30Z,2023-01-20T05:32:01Z
1165889148,2022-12-14T21:23:06Z,2023-01-14T16:28:39Z
1165360207,2022-12-14T15:06:13Z,2022-12-15T20:18:31Z
1163426696,2022-12-13T17:02:54Z,2022-12-18T14:12:40Z
1163198290,2022-12-13T15:18:22Z,2022-12-15T08:46:48Z
1160551364,2022-12-12T10:44:00Z,2022-12-12T22:58:42Z
1158035142,2022-12-10T19:47:52Z,2023-01-25T10:27:00Z
1156219739,2022-12-09T15:23:44Z,2022-12-11T17:57:15Z
1154209656,2022-12-08T14:22:43Z,2022-12-16T22:00:03Z
1148602620,2022-12-06T10:15:58Z,2022-12-11T19:53:43Z
1146891888,2022-12-05T15:59:09Z,2022-12-05T16:22:33Z
1145180340,2022-12-04T17:24:47Z,2022-12-05T15:19:32Z
1144864586,2022-12-04T10:07:17Z,2022-12-22T09:17:51Z
1144462804,2022-12-03T21:05:52Z,2022-12-05T15:19:20Z
1144417181,2022-12-03T18:31:06Z,2022-12-03T19:34:32Z
1144188358,2022-12-03T11:16:40Z,2022-12-05T15:46:16Z
1143677444,2022-12-02T19:44:02Z,2022-12-03T15:55:06Z
1143175649,2022-12-02T12:38:00Z,2022-12-05T09:04:36Z
1143050807,2022-12-02T10:40:49Z,2022-12-02T15:12:02Z
1143045722,2022-12-02T10:36:10Z,2022-12-02T13:56:02Z
1142933456,2022-12-02T08:57:03Z,2023-11-07T08:20:52Z
1142846847,2022-12-02T07:24:10Z,2022-12-02T15:12:48Z
1142544921,2022-12-01T23:14:57Z,2022-12-02T11:54:12Z
1142478957,2022-12-01T22:01:00Z,2022-12-02T16:57:47Z
1142409247,2022-12-01T20:44:37Z,2022-12-01T22:01:56Z
1141438331,2022-12-01T07:56:59Z,2022-12-01T20:54:09Z
1139026982,2022-11-29T14:07:11Z,2022-12-23T08:17:59Z
1139019577,2022-11-29T14:02:03Z,2024-01-08T11:50:55Z
1137728588,2022-11-28T15:32:21Z,2022-12-02T07:24:32Z
1137564524,2022-11-28T13:39:59Z,2022-12-01T12:53:08Z
1137451591,2022-11-28T12:15:09Z,2022-12-01T11:51:18Z
1133175046,2022-11-23T09:38:18Z,2022-11-26T19:08:34Z
1133174575,2022-11-23T09:38:04Z,2022-11-26T19:08:09Z
1131588778,2022-11-22T11:04:28Z,2022-11-22T13:26:01Z
1130575618,2022-11-21T20:29:34Z,2022-11-21T23:01:05Z
1128852064,2022-11-19T15:37:08Z,
1128851206,2022-11-19T15:34:49Z,2023-02-07T23:04:18Z
1128148456,2022-11-18T20:27:29Z,2022-11-21T15:45:35Z
1127423209,2022-11-18T11:24:02Z,2022-12-01T20:51:21Z
1124273817,2022-11-16T10:57:06Z,2022-12-15T09:50:40Z
1124018315,2022-11-16T08:00:47Z,2022-11-17T20:14:41Z
1123180175,2022-11-15T17:13:28Z,2022-11-21T08:37:42Z
1120033192,2022-11-12T17:25:23Z,2022-11-16T07:36:53Z
1118970991,2022-11-11T11:18:09Z,2022-11-17T15:26:42Z
1117935337,2022-11-10T15:55:28Z,2023-06-08T13:44:17Z
1117633307,2022-11-10T12:25:02Z,2023-11-18T14:03:24Z
1116811083,2022-11-09T23:05:17Z,2022-11-12T11:36:39Z
1116558531,2022-11-09T19:15:07Z,2022-12-01T21:07:30Z
1115969087,2022-11-09T11:49:47Z,2022-11-09T12:05:39Z
1112763653,2022-11-07T13:15:10Z,2022-11-27T10:36:18Z
1111715223,2022-11-05T16:47:14Z,2022-11-09T22:15:25Z
1104320677,2022-10-30T08:02:25Z,
1103892065,2022-10-29T09:02:41Z,2022-12-09T09:07:48Z
1103783786,2022-10-29T02:50:07Z,
1103401235,2022-10-28T18:00:05Z,2022-12-01T12:30:17Z
1103087086,2022-10-28T13:06:51Z,2022-10-28T14:37:45Z
1102941945,2022-10-28T10:47:52Z,2022-10-29T11:41:38Z
1102202206,2022-10-27T20:04:28Z,2022-10-28T15:09:45Z
1101927028,2022-10-27T16:09:33Z,2022-11-09T13:13:19Z
1099424998,2022-10-25T20:37:42Z,2022-10-26T20:46:09Z
1099422772,2022-10-25T20:36:08Z,2022-10-26T20:42:40Z
1099400422,2022-10-25T20:18:58Z,2022-11-21T08:51:29Z
1098157760,2022-10-24T23:17:51Z,2022-10-26T20:49:18Z
1097354703,2022-10-24T11:39:11Z,2022-11-05T09:30:11Z
1097339737,2022-10-24T11:25:35Z,2022-11-27T15:49:44Z
1097021428,2022-10-24T06:50:38Z,2023-01-10T09:47:49Z
1096657928,2022-10-23T19:19:08Z,2022-10-29T07:06:24Z
1096429418,2022-10-23T03:00:04Z,2022-10-29T02:32:08Z
1096224717,2022-10-22T15:37:04Z,2022-12-03T19:34:24Z
1095337778,2022-10-21T13:33:11Z,2022-10-24T06:51:09Z
1095265349,2022-10-21T12:30:22Z,2022-11-22T22:11:30Z
1095254481,2022-10-21T12:20:43Z,2022-10-30T07:45:03Z
1095067325,2022-10-21T09:28:59Z,2022-11-21T08:50:33Z
1094951750,2022-10-21T07:47:17Z,2023-06-23T14:31:42Z
1094087180,2022-10-20T16:41:52Z,2023-06-23T14:32:01Z
1093947185,2022-10-20T15:00:13Z,2022-10-21T15:39:45Z
1093510906,2022-10-20T09:40:58Z,2023-01-27T14:51:08Z
1093392535,2022-10-20T08:08:35Z,2022-10-20T21:06:06Z
1091802723,2022-10-19T06:13:28Z,2022-10-24T11:13:35Z
1090796708,2022-10-18T13:22:19Z,
1090597463,2022-10-18T10:48:54Z,2022-10-19T06:15:28Z
1089006945,2022-10-17T09:07:52Z,2022-11-17T15:21:42Z
1088808295,2022-10-17T06:15:12Z,2022-12-31T16:32:08Z
1087974141,2022-10-14T22:51:29Z,2022-10-14T23:20:25Z
1087213124,2022-10-14T09:50:19Z,2022-10-14T19:52:27Z
1086297320,2022-10-13T15:41:57Z,2022-10-18T09:45:55Z
1086064322,2022-10-13T13:07:56Z,2022-10-13T13:31:56Z
1084487826,2022-10-12T10:42:42Z,2022-10-13T13:29:51Z
1084344649,2022-10-12T08:48:15Z,2022-11-22T12:56:42Z
1084231012,2022-10-12T07:11:58Z,2022-11-07T16:03:59Z
1083173407,2022-10-11T11:29:16Z,2022-10-17T09:05:13Z
1083171964,2022-10-11T11:28:00Z,2022-10-11T11:28:06Z
1082835440,2022-10-11T06:43:49Z,2022-10-11T14:31:57Z
1081336398,2022-10-09T18:36:22Z,2022-10-25T20:40:50Z
1079559544,2022-10-06T20:25:59Z,2022-10-10T18:47:27Z
1078449825,2022-10-06T07:56:20Z,2022-10-06T13:27:26Z
1077558788,2022-10-05T16:05:28Z,2022-12-02T13:58:57Z
1077122081,2022-10-05T09:59:00Z,2022-10-05T14:44:11Z
1077119116,2022-10-05T09:56:01Z,2022-10-05T14:43:31Z
1077115561,2022-10-05T09:52:28Z,2022-10-05T13:37:01Z
1076997909,2022-10-05T08:00:59Z,2023-10-17T17:55:08Z
1076997599,2022-10-05T08:00:39Z,2022-10-10T20:22:26Z
1075082886,2022-10-03T19:09:11Z,2022-10-29T18:45:11Z
1074387238,2022-10-03T09:18:39Z,2022-11-05T09:29:27Z
1073906905,2022-10-02T18:01:22Z,2022-10-05T14:52:17Z
1073104156,2022-09-30T19:15:21Z,2022-10-11T12:11:35Z
1065417666,2022-09-23T14:39:38Z,2022-10-11T12:11:17Z
1062740016,2022-09-21T11:42:22Z,2023-02-05T12:46:38Z
1058655673,2022-09-16T13:39:42Z,2022-10-14T08:29:09Z
1057383049,2022-09-15T13:15:09Z,2022-12-02T09:20:47Z
1056618929,2022-09-14T22:05:03Z,2022-09-18T14:37:06Z
1053851927,2022-09-12T20:32:04Z,2022-09-14T21:54:41Z
1052317910,2022-09-10T19:38:17Z,2022-09-11T08:00:07Z
1051238861,2022-09-09T07:55:05Z,2022-09-09T08:40:08Z
1049245828,2022-09-07T21:35:06Z,2022-09-10T19:27:26Z
1042727184,2022-08-31T18:41:30Z,2022-09-03T03:24:51Z
1042695510,2022-08-31T18:04:57Z,2022-09-03T03:25:05Z
1038949145,2022-08-28T19:38:08Z,2022-08-31T16:47:01Z
1036024269,2022-08-24T21:52:19Z,2022-08-25T11:11:45Z
1035055384,2022-08-24T06:55:23Z,
1034708039,2022-08-23T21:03:38Z,2022-08-24T17:23:43Z
1034343223,2022-08-23T15:20:51Z,2022-09-10T19:34:31Z
1034168642,2022-08-23T13:06:39Z,2022-09-07T14:39:40Z
1033171808,2022-08-22T17:57:12Z,2022-08-22T22:30:20Z
1032213251,2022-08-22T02:05:52Z,2022-08-22T17:09:39Z
1031944873,2022-08-21T02:07:44Z,2022-08-25T04:26:03Z
1031353230,2022-08-19T16:27:08Z,2022-08-25T04:26:19Z
1030740700,2022-08-19T05:20:06Z,2022-08-21T01:50:32Z
1030738642,2022-08-19T05:16:03Z,2022-08-21T05:13:58Z
1018703026,2022-08-05T13:42:37Z,2022-09-16T12:38:45Z
1012240513,2022-07-29T18:18:17Z,2022-07-29T18:44:48Z
1011539837,2022-07-29T04:30:50Z,2022-07-29T18:39:42Z
1011539058,2022-07-29T04:29:16Z,2022-07-29T04:29:31Z
1011215874,2022-07-28T19:25:47Z,2022-07-28T20:09:15Z
1006942822,2022-07-25T07:54:58Z,2022-07-25T08:49:14Z
1006497745,2022-07-24T08:47:53Z,2022-07-25T08:49:54Z
1006428126,2022-07-23T22:13:39Z,2022-08-23T20:05:50Z
1004664453,2022-07-21T20:45:21Z,2022-07-24T08:46:56Z
1000049614,2022-07-18T21:35:21Z,2022-07-18T22:45:13Z
999946508,2022-07-18T20:38:50Z,2022-07-18T21:35:07Z
999606372,2022-07-18T16:21:39Z,2022-07-18T17:22:20Z
999376717,2022-07-18T13:10:12Z,2022-07-18T16:00:13Z
999295365,2022-07-18T11:58:12Z,2022-07-18T16:05:39Z
998710287,2022-07-17T19:06:25Z,2022-07-24T08:45:08Z
998639601,2022-07-17T13:06:50Z,2022-08-15T07:13:28Z
994651452,2022-07-12T18:25:38Z,2022-07-18T11:37:51Z
994259375,2022-07-12T12:58:10Z,2022-07-12T13:13:55Z
993235625,2022-07-11T15:14:09Z,2023-05-17T06:31:07Z
992132200,2022-07-09T02:41:01Z,2022-08-01T16:41:16Z
988861808,2022-07-06T14:10:44Z,2023-11-19T16:00:52Z
978206756,2022-06-24T11:01:30Z,
978205219,2022-06-24T10:59:44Z,2022-06-24T10:59:53Z
976235252,2022-06-23T00:29:36Z,2022-06-26T14:46:39Z
972611222,2022-06-20T20:33:41Z,2022-06-20T21:59:02Z
971572072,2022-06-19T21:37:49Z,2022-06-20T20:25:30Z
971358901,2022-06-18T21:44:05Z,2022-07-21T21:37:35Z
971205424,2022-06-18T07:53:59Z,2022-06-26T16:38:40Z
970528971,2022-06-17T11:41:23Z,2022-06-24T17:09:48Z
970443916,2022-06-17T09:59:20Z,2022-06-17T11:03:58Z
964604280,2022-06-10T22:44:42Z,2022-09-10T19:41:19Z
963952198,2022-06-10T10:10:28Z,2022-06-10T13:22:31Z
961021158,2022-06-07T23:53:48Z,2022-06-10T22:44:47Z
959255152,2022-06-06T15:36:07Z,2022-06-07T04:18:50Z
958134889,2022-06-04T09:14:36Z,2022-06-06T15:23:16Z
953184166,2022-06-01T07:33:27Z,2022-06-02T10:57:19Z
953172292,2022-06-01T07:27:05Z,2022-06-02T10:56:41Z
949756681,2022-05-27T21:12:17Z,2022-05-29T11:39:23Z
943552840,2022-05-22T02:08:26Z,2022-11-16T07:42:03Z
939265237,2022-05-17T20:55:50Z,2022-06-28T06:43:10Z
937942364,2022-05-16T20:08:27Z,2022-08-23T09:19:11Z
936603404,2022-05-14T18:53:33Z,2022-05-27T20:06:48Z
936349304,2022-05-13T21:54:34Z,2022-06-03T18:54:27Z
935620648,2022-05-13T08:15:42Z,2023-11-29T06:07:27Z
935546582,2022-05-13T06:40:00Z,2022-05-17T06:54:30Z
934597708,2022-05-12T09:31:44Z,2022-05-17T09:20:56Z
934528952,2022-05-12T08:26:38Z,2022-05-12T21:10:19Z
934506919,2022-05-12T08:06:18Z,2022-05-30T11:08:27Z
933771062,2022-05-11T14:30:32Z,2022-05-13T06:40:41Z
932239777,2022-05-10T10:30:35Z,2022-05-10T11:47:57Z
929955799,2022-05-06T18:05:16Z,2022-05-06T21:05:13Z
927428032,2022-05-04T09:43:14Z,2022-05-11T14:10:45Z
922294422,2022-04-28T20:14:35Z,2022-05-05T19:12:25Z
920422190,2022-04-27T09:46:42Z,2022-05-12T08:07:53Z
920391894,2022-04-27T09:18:33Z,2022-04-27T10:12:24Z
920375689,2022-04-27T09:04:39Z,2022-04-27T13:14:25Z
917382570,2022-04-24T08:14:07Z,2022-04-24T11:49:26Z
917289938,2022-04-23T20:17:32Z,2022-04-24T07:57:11Z
917164575,2022-04-23T09:18:26Z,2022-04-23T10:29:41Z
914388441,2022-04-20T15:54:32Z,2022-04-22T14:50:58Z
914387918,2022-04-20T15:53:57Z,2022-04-22T14:51:12Z
911231453,2022-04-16T08:50:57Z,2022-04-23T07:24:22Z
910333919,2022-04-14T20:54:27Z,2022-04-20T15:55:36Z
910287001,2022-04-14T19:45:27Z,2022-04-16T16:19:23Z
908899081,2022-04-13T12:54:13Z,2022-04-14T20:04:19Z
908895477,2022-04-13T12:50:34Z,2022-04-14T20:04:25Z
908458904,2022-04-13T04:09:01Z,2022-04-13T05:19:57Z
908000860,2022-04-12T17:58:04Z,2022-05-17T09:18:47Z
907802418,2022-04-12T15:03:33Z,2022-05-09T07:53:34Z
907612280,2022-04-12T12:21:32Z,2022-04-14T14:11:44Z
907594519,2022-04-12T12:05:18Z,2022-04-12T18:45:17Z
904152857,2022-04-08T19:23:02Z,2022-12-12T08:18:56Z
904057519,2022-04-08T17:09:46Z,2022-04-13T10:51:37Z
903890896,2022-04-08T14:08:04Z,2022-04-13T10:51:19Z
903781260,2022-04-08T12:08:38Z,2022-04-08T16:24:03Z
902491479,2022-04-07T09:15:18Z,2022-04-08T07:41:22Z
901972919,2022-04-06T20:19:12Z,2022-04-07T07:27:22Z
898083579,2022-04-02T15:26:09Z,2022-04-07T06:53:23Z
897859878,2022-04-01T22:21:39Z,2022-04-12T18:49:25Z
896779399,2022-04-01T01:05:15Z,2022-04-01T01:05:52Z
895824463,2022-03-31T12:37:52Z,2022-10-02T08:41:25Z
894827550,2022-03-30T19:36:34Z,2022-04-05T19:14:13Z
893101215,2022-03-29T14:00:40Z,2022-07-29T09:30:52Z
885696929,2022-03-22T07:25:23Z,2022-04-15T16:40:52Z
885574791,2022-03-22T04:08:11Z,
882562382,2022-03-17T15:40:43Z,2022-09-19T09:15:41Z
882326721,2022-03-17T10:50:05Z,2022-05-18T14:30:48Z
880079141,2022-03-15T11:37:07Z,2022-04-27T18:55:33Z
879944305,2022-03-15T09:27:15Z,2022-04-08T08:30:07Z
879271383,2022-03-14T16:27:46Z,2023-06-16T08:50:11Z
879106990,2022-03-14T14:10:38Z,2022-03-15T05:56:07Z
879021935,2022-03-14T12:55:48Z,2022-03-15T05:55:51Z
878442492,2022-03-13T18:08:58Z,2022-04-22T15:51:07Z
876420481,2022-03-10T13:36:10Z,2022-03-14T14:11:17Z
873580765,2022-03-07T21:35:14Z,
871790454,2022-03-04T15:53:20Z,
871755021,2022-03-04T15:11:35Z,2022-04-01T20:24:21Z
866969146,2022-02-28T16:29:16Z,2022-03-09T12:44:01Z
866145139,2022-02-27T18:33:16Z,2022-03-01T20:31:58Z
865902350,2022-02-27T09:03:05Z,2022-02-27T11:10:57Z
863319220,2022-02-25T10:47:03Z,2022-02-26T20:57:17Z
861466181,2022-02-23T14:19:30Z,2022-02-23T16:35:02Z
860676882,2022-02-22T17:43:17Z,2022-02-27T11:10:26Z
859754774,2022-02-21T18:42:35Z,2022-02-22T07:00:49Z
858591442,2022-02-19T14:20:54Z,2023-06-21T14:39:32Z
854465985,2022-02-16T14:25:24Z,2022-02-19T22:35:23Z
852436030,2022-02-14T19:28:50Z,2022-02-19T23:12:44Z
850978540,2022-02-13T16:51:20Z,2022-03-27T12:31:20Z
841126628,2022-02-06T18:24:10Z,2022-02-19T17:07:46Z
838086081,2022-02-02T09:08:26Z,2022-02-19T17:08:34Z
837951492,2022-02-02T05:01:50Z,2022-02-19T21:02:27Z
837411492,2022-02-01T16:06:22Z,2022-02-16T21:12:48Z
837244063,2022-02-01T13:52:09Z,2022-05-13T06:01:08Z
836347228,2022-01-31T16:44:20Z,2022-02-01T13:26:54Z
835369954,2022-01-30T13:21:51Z,
835172824,2022-01-29T17:10:46Z,2022-02-13T10:44:55Z
835157431,2022-01-29T16:07:26Z,2022-02-13T10:43:35Z
835104606,2022-01-29T11:09:15Z,2022-05-17T14:03:53Z
830475598,2022-01-24T14:37:22Z,2022-02-19T21:01:52Z
825255350,2022-01-18T08:58:34Z,2022-02-27T12:00:00Z
824938934,2022-01-17T21:09:18Z,2022-01-17T21:25:23Z
824016801,2022-01-16T21:21:58Z,2022-01-17T20:25:05Z
823697071,2022-01-15T17:16:29Z,2022-03-09T10:35:06Z
823692767,2022-01-15T16:58:18Z,2022-03-09T10:37:29Z
822803141,2022-01-14T15:22:44Z,2022-02-14T19:32:35Z
822687097,2022-01-14T13:40:27Z,2022-01-18T20:02:14Z
820622150,2022-01-13T08:57:14Z,2022-01-24T06:53:27Z
819855478,2022-01-12T16:10:45Z,2022-01-21T15:53:03Z
817130315,2022-01-09T23:07:43Z,2022-01-11T14:44:12Z
817087202,2022-01-09T18:25:27Z,2022-01-18T20:21:48Z
816399960,2022-01-07T14:09:59Z,2022-01-10T07:19:42Z
815425455,2022-01-06T10:59:19Z,2022-01-06T17:33:25Z
815288223,2022-01-06T07:18:47Z,2022-01-08T14:25:54Z
815106697,2022-01-05T23:13:04Z,2022-01-08T14:25:13Z
814152569,2022-01-04T19:40:33Z,2022-01-06T18:07:45Z
813974309,2022-01-04T15:55:43Z,2022-01-07T08:51:22Z
812739136,2022-01-02T14:11:35Z,2022-01-02T15:25:41Z
811381969,2021-12-29T10:02:07Z,2021-12-30T14:00:06Z
810330819,2021-12-27T11:01:37Z,
810057912,2021-12-26T18:56:33Z,2021-12-28T22:41:25Z
809939443,2021-12-25T22:46:55Z,2022-01-06T15:57:15Z
809908338,2021-12-25T15:57:48Z,2022-01-06T15:55:06Z
809901297,2021-12-25T14:36:02Z,2021-12-30T15:54:04Z
809241622,2021-12-23T15:23:04Z,2022-01-04T10:14:24Z
809158228,2021-12-23T13:17:50Z,2022-09-16T12:46:01Z
807016660,2021-12-20T21:43:33Z,2022-03-05T23:12:05Z
806994637,2021-12-20T21:07:43Z,2021-12-23T11:21:06Z
806805910,2021-12-20T16:29:21Z,2021-12-20T20:25:24Z
803355207,2021-12-15T11:14:09Z,2022-04-08T17:11:55Z
799028125,2021-12-09T17:10:01Z,2022-10-11T14:39:07Z
798250311,2021-12-08T22:55:13Z,2022-01-14T21:44:12Z
795966059,2021-12-06T14:56:29Z,
795427676,2021-12-06T01:15:17Z,2021-12-10T08:21:25Z
794436658,2021-12-03T09:54:46Z,2022-03-09T12:37:25Z
794435086,2021-12-03T09:52:32Z,2022-03-09T12:29:51Z
794387197,2021-12-03T08:46:46Z,2021-12-17T07:42:18Z
794046177,2021-12-02T20:26:21Z,2021-12-17T08:18:41Z
793508080,2021-12-02T09:42:14Z,2021-12-02T10:43:24Z
793083319,2021-12-01T20:24:11Z,2021-12-03T07:53:34Z
792759160,2021-12-01T14:23:01Z,2021-12-02T09:21:07Z
789786100,2021-11-26T20:28:35Z,2021-11-30T09:17:07Z
789539007,2021-11-26T12:46:50Z,2022-01-24T09:18:09Z
788789800,2021-11-25T12:16:12Z,2022-01-10T07:19:33Z
787924390,2021-11-24T12:54:57Z,2021-11-25T10:35:15Z
787794828,2021-11-24T10:23:12Z,2021-11-25T07:00:54Z
787724577,2021-11-24T08:59:58Z,2022-01-18T09:42:47Z
787231717,2021-11-23T18:21:28Z,2021-11-25T18:59:42Z
786247160,2021-11-22T16:58:05Z,2022-06-15T08:43:17Z
785230492,2021-11-20T15:27:49Z,2021-11-22T14:52:16Z
785144939,2021-11-20T04:20:59Z,2021-11-23T15:58:04Z
784531165,2021-11-19T09:36:51Z,2021-12-13T07:54:12Z
783063437,2021-11-17T19:50:30Z,2021-11-18T07:26:09Z
780426728,2021-11-15T08:32:11Z,2021-11-15T09:51:45Z
779476873,2021-11-12T14:55:08Z,2021-12-02T09:22:54Z
778800999,2021-11-11T18:15:38Z,2021-11-12T15:04:51Z
777581833,2021-11-10T13:12:58Z,2021-11-10T18:33:30Z
777267915,2021-11-10T06:24:49Z,2022-01-24T09:17:39Z
775737426,2021-11-08T16:33:32Z,2021-11-10T13:14:32Z
772383752,2021-11-03T13:47:33Z,2022-01-08T20:22:09Z
772334738,2021-11-03T12:58:40Z,2021-11-08T15:35:08Z
770828953,2021-11-01T19:46:06Z,
764925506,2021-10-24T18:36:16Z,2022-12-26T17:01:51Z
764750597,2021-10-23T20:46:15Z,2022-12-18T14:01:57Z
761318412,2021-10-19T11:08:32Z,
760789395,2021-10-18T19:26:27Z,2021-10-18T19:53:34Z
759914791,2021-10-17T21:22:47Z,2021-11-10T13:15:59Z
759874518,2021-10-17T17:04:18Z,2021-11-16T16:31:15Z
759801252,2021-10-17T09:32:05Z,2021-10-17T10:44:15Z
759659999,2021-10-16T13:35:12Z,2021-10-22T19:59:34Z
759657246,2021-10-16T13:15:53Z,2021-10-22T19:57:49Z
759305918,2021-10-15T15:37:35Z,2021-10-19T05:01:12Z
758660369,2021-10-14T20:04:10Z,2021-10-14T20:18:34Z
758655512,2021-10-14T19:57:36Z,2021-10-14T20:45:34Z
758651813,2021-10-14T19:51:43Z,2021-10-14T20:45:55Z
758646166,2021-10-14T19:42:40Z,2022-03-05T22:45:07Z
757709954,2021-10-13T19:29:40Z,2021-10-13T20:52:02Z
757651866,2021-10-13T18:07:21Z,2023-06-21T14:39:32Z
757104635,2021-10-13T07:29:24Z,2021-10-13T14:11:34Z
756571949,2021-10-12T19:54:00Z,2021-10-13T17:01:41Z
756091632,2021-10-12T11:21:27Z,2022-02-14T11:26:52Z
755819425,2021-10-12T05:07:08Z,2022-03-05T22:45:07Z
755569953,2021-10-11T19:33:50Z,2021-10-13T20:53:52Z
755521524,2021-10-11T18:14:34Z,2021-10-11T18:58:38Z
754786565,2021-10-10T21:43:04Z,2021-10-16T17:44:39Z
754651736,2021-10-10T07:43:54Z,2021-10-10T08:53:58Z
754584166,2021-10-09T21:16:11Z,2021-12-08T05:48:32Z
754519988,2021-10-09T13:57:15Z,2021-10-09T14:26:14Z
754519049,2021-10-09T13:50:43Z,2021-10-10T20:35:27Z
754477688,2021-10-09T09:02:39Z,2021-10-09T10:11:37Z
754431801,2021-10-09T03:27:20Z,2021-10-10T10:05:42Z
754192412,2021-10-08T16:40:13Z,2021-10-10T10:18:34Z
754180046,2021-10-08T16:20:07Z,2021-10-10T20:12:41Z
754170578,2021-10-08T16:09:13Z,2021-10-10T11:01:25Z
753501576,2021-10-07T20:16:22Z,2021-12-08T05:50:53Z
753441885,2021-10-07T18:46:01Z,2021-10-10T10:42:48Z
753429710,2021-10-07T18:26:21Z,2021-10-09T13:45:41Z
750116058,2021-10-05T17:51:20Z,2021-10-10T09:48:27Z
749888127,2021-10-05T13:38:45Z,2021-10-06T17:47:21Z
748685384,2021-10-04T08:19:21Z,
748632891,2021-10-04T07:05:51Z,2021-10-04T09:56:09Z
748317629,2021-10-03T13:08:20Z,2021-10-04T09:55:18Z
747642393,2021-10-01T13:58:19Z,2021-10-02T18:33:55Z
747170298,2021-10-01T01:20:51Z,2021-10-01T08:40:28Z
747019026,2021-09-30T20:18:40Z,2021-10-01T12:28:07Z
746701395,2021-09-30T13:27:34Z,2021-09-30T17:22:28Z
746214828,2021-09-29T23:46:42Z,2021-10-02T12:38:48Z
746162310,2021-09-29T21:45:14Z,2021-09-29T22:35:11Z
745655390,2021-09-29T11:39:55Z,2021-10-13T13:27:10Z
744858756,2021-09-28T14:16:11Z,2021-10-02T13:22:32Z
742861902,2021-09-26T11:52:52Z,2021-10-02T13:40:59Z
741982789,2021-09-24T07:34:40Z,2021-10-01T16:00:54Z
741669162,2021-09-23T19:26:43Z,2022-01-12T10:21:30Z
741285613,2021-09-23T11:11:50Z,2021-09-24T20:19:12Z
741269325,2021-09-23T10:49:23Z,2021-09-26T11:34:27Z
741199783,2021-09-23T09:14:44Z,2021-09-25T10:29:35Z
740464847,2021-09-22T13:21:40Z,2021-09-28T06:07:52Z
739107117,2021-09-21T15:47:19Z,2021-10-02T10:26:22Z
737243859,2021-09-20T04:19:41Z,2021-09-24T18:56:33Z
737126109,2021-09-19T19:04:13Z,2021-09-20T08:10:34Z
735681469,2021-09-16T17:43:00Z,2021-09-18T18:56:49Z
735665066,2021-09-16T17:16:35Z,2021-09-18T18:55:18Z
735620695,2021-09-16T16:12:10Z,2021-09-16T20:11:27Z
735268869,2021-09-16T08:53:47Z,2021-09-16T09:57:31Z
734636864,2021-09-15T14:42:54Z,2021-09-16T08:50:10Z
732962513,2021-09-13T17:40:22Z,2021-09-13T21:34:51Z
732896706,2021-09-13T16:08:44Z,2021-09-13T17:38:06Z
732553370,2021-09-13T09:25:12Z,2021-09-13T11:12:24Z
732550451,2021-09-13T09:21:31Z,2021-09-13T11:12:18Z
732252228,2021-09-12T21:08:16Z,2021-09-14T15:28:56Z
731418804,2021-09-10T12:35:56Z,2021-09-11T10:55:59Z
731305549,2021-09-10T09:35:41Z,2021-09-14T18:10:13Z
731303855,2021-09-10T09:32:59Z,2021-09-27T18:20:21Z
730647273,2021-09-09T14:26:33Z,2021-09-14T18:09:40Z
730634769,2021-09-09T14:13:05Z,2021-09-27T18:21:21Z
725253409,2021-09-02T02:37:55Z,2021-09-24T19:26:10Z
723386296,2021-08-31T13:39:37Z,2021-09-03T07:56:30Z
717373577,2021-08-22T21:01:45Z,2021-09-14T16:02:41Z
716481156,2021-08-20T06:34:26Z,2021-09-08T11:23:42Z
713756102,2021-08-16T21:25:01Z,2021-08-17T09:00:13Z
713714458,2021-08-16T20:10:59Z,2021-09-12T14:43:13Z
712996450,2021-08-15T20:23:39Z,2021-08-18T07:45:01Z
712991103,2021-08-15T19:42:31Z,2021-08-18T07:41:28Z
710280793,2021-08-12T06:13:57Z,2021-10-23T17:54:09Z
701715577,2021-08-02T19:11:14Z,2021-08-03T07:39:58Z
700968140,2021-08-01T19:18:54Z,2021-08-02T11:19:47Z
699659143,2021-07-29T16:04:11Z,2021-08-01T18:00:58Z
697246117,2021-07-26T18:13:58Z,2021-12-20T15:49:23Z
697048897,2021-07-26T13:50:45Z,2021-07-27T14:33:49Z
696575447,2021-07-25T22:43:38Z,2021-10-04T09:48:44Z
696514545,2021-07-25T14:51:52Z,2021-07-25T20:33:49Z
696497638,2021-07-25T12:56:23Z,2021-07-25T19:47:33Z
696201997,2021-07-23T20:46:50Z,2021-07-25T12:26:48Z
695430540,2021-07-22T19:09:15Z,2021-07-23T18:08:47Z
695252325,2021-07-22T14:49:59Z,2021-07-23T09:24:07Z
694469112,2021-07-21T15:12:20Z,2023-07-06T15:21:46Z
692988824,2021-07-19T23:16:35Z,2021-07-22T14:34:36Z
692930184,2021-07-19T21:16:23Z,2021-07-22T08:31:17Z
692621246,2021-07-19T13:44:40Z,2021-07-21T08:37:18Z
690893112,2021-07-15T16:58:32Z,2021-07-21T12:32:31Z
689313575,2021-07-13T18:39:36Z,2021-07-14T10:47:43Z
683766199,2021-07-05T14:51:46Z,2021-11-29T12:31:55Z
683184913,2021-07-04T14:36:58Z,2021-07-05T07:29:07Z
682758648,2021-07-02T16:45:54Z,2021-07-23T20:44:46Z
679784730,2021-06-29T09:58:25Z,
678409769,2021-06-26T20:27:01Z,2021-06-26T20:45:41Z
673823680,2021-06-19T05:12:01Z,2021-06-19T06:13:55Z
673663640,2021-06-18T18:47:01Z,2021-06-24T18:55:55Z
669373561,2021-06-14T08:47:14Z,2024-01-08T11:58:18Z
667951969,2021-06-11T10:01:03Z,2021-06-26T22:37:16Z
666079439,2021-06-09T16:45:30Z,2021-07-06T06:09:20Z
659782478,2021-06-02T06:40:13Z,2021-12-08T05:48:56Z
659115897,2021-06-01T15:35:24Z,
657469997,2021-05-29T13:37:06Z,2021-09-24T19:16:38Z
647608264,2021-05-19T12:24:04Z,2021-05-22T08:49:42Z
644693360,2021-05-14T12:54:58Z,2021-05-22T08:54:44Z
641426578,2021-05-11T19:00:03Z,2021-05-11T20:13:58Z
622854348,2021-04-25T22:50:26Z,2021-05-03T06:12:03Z
622797886,2021-04-25T16:41:46Z,2021-05-02T16:06:23Z
618078086,2021-04-19T15:02:47Z,2021-04-25T18:53:53Z
617945965,2021-04-19T12:20:57Z,2021-07-23T22:02:12Z
617369726,2021-04-17T19:33:02Z,2021-04-18T18:17:30Z
608574266,2021-04-04T16:37:38Z,2022-12-07T23:59:42Z
607925671,2021-04-02T09:02:26Z,2021-04-05T17:41:35Z
607871864,2021-04-02T07:19:06Z,2021-04-05T07:36:08Z
600517108,2021-03-25T07:54:47Z,2021-10-10T10:02:23Z
598540062,2021-03-23T04:46:47Z,2021-03-27T18:15:19Z
598136291,2021-03-22T15:54:06Z,2021-04-02T14:13:30Z
598093702,2021-03-22T15:11:54Z,2021-03-27T16:38:06Z
596677049,2021-03-19T15:31:14Z,2021-03-21T16:42:57Z
594205004,2021-03-16T20:11:09Z,2021-04-04T19:33:15Z
592550211,2021-03-14T14:09:42Z,2021-03-20T14:28:42Z
587011960,2021-03-08T18:42:13Z,2021-05-30T14:54:06Z
586782501,2021-03-08T13:41:21Z,2021-03-08T15:24:17Z
580887543,2021-02-26T14:08:10Z,2021-03-08T15:52:35Z
580662147,2021-02-26T07:26:33Z,2021-02-26T17:37:04Z
577099081,2021-02-21T11:57:43Z,2022-12-01T19:58:36Z
576998810,2021-02-20T20:03:29Z,2021-10-03T13:08:39Z
576916390,2021-02-20T11:08:46Z,2021-03-22T12:16:42Z
573757631,2021-02-15T19:39:05Z,2021-02-15T19:51:01Z
572975651,2021-02-13T18:34:15Z,2021-03-22T14:09:44Z
570254188,2021-02-09T12:14:44Z,2021-02-13T10:38:56Z
569605839,2021-02-08T16:32:27Z,2021-03-05T08:25:02Z
569603655,2021-02-08T16:29:43Z,2021-03-13T11:01:08Z
568844411,2021-02-06T20:02:41Z,2021-05-30T14:55:46Z
566061149,2021-02-02T16:02:41Z,2021-10-02T10:26:46Z
564708270,2021-01-31T18:53:46Z,2021-01-31T19:47:15Z
561711894,2021-01-26T11:13:29Z,
561687844,2021-01-26T10:31:36Z,
559424632,2021-01-21T17:23:05Z,2021-05-06T07:54:04Z
559369567,2021-01-21T16:15:50Z,2021-05-06T07:54:43Z
559305508,2021-01-21T15:20:26Z,2021-05-05T06:42:10Z
559304583,2021-01-21T15:19:36Z,2021-05-04T11:02:49Z
556845480,2021-01-18T14:25:44Z,2021-02-12T16:24:04Z
551857023,2021-01-08T17:10:40Z,2021-01-15T14:08:50Z
551785998,2021-01-08T15:09:38Z,2021-01-11T18:17:17Z
551710807,2021-01-08T12:40:25Z,2021-02-02T07:20:23Z
551594004,2021-01-08T08:41:17Z,2021-10-02T09:00:36Z
550662416,2021-01-06T20:41:58Z,2022-02-01T13:39:43Z
549604141,2021-01-05T22:16:41Z,2021-02-02T16:26:40Z
547666225,2021-01-01T19:21:04Z,2021-01-05T15:03:10Z
547118330,2020-12-30T23:22:39Z,2021-01-01T11:55:47Z
547072244,2020-12-30T20:10:15Z,2021-01-03T12:10:48Z
546664739,2020-12-29T22:54:43Z,2021-01-06T19:04:18Z
546123192,2020-12-28T14:53:45Z,2021-10-10T11:30:37Z
545753048,2020-12-27T01:49:55Z,2021-01-01T19:55:30Z
545737737,2020-12-26T21:51:12Z,2023-07-06T15:20:55Z
545479520,2020-12-24T23:13:38Z,2021-02-28T18:57:05Z
545423465,2020-12-24T16:41:37Z,2021-01-01T20:02:19Z
544973777,2020-12-23T18:28:36Z,2020-12-28T10:45:33Z
544945274,2020-12-23T17:13:43Z,2021-07-15T15:13:23Z
544885199,2020-12-23T15:00:44Z,2020-12-23T15:46:44Z
543134902,2020-12-20T21:30:42Z,2021-06-25T17:30:44Z
533048550,2020-12-05T17:04:53Z,2020-12-15T08:39:36Z
532773486,2020-12-04T20:35:45Z,2021-02-02T17:21:54Z
532752820,2020-12-04T19:53:54Z,2020-12-23T23:51:50Z
532703766,2020-12-04T18:18:23Z,2020-12-24T14:38:39Z
532024558,2020-12-03T19:07:34Z,2020-12-22T09:25:34Z
531240535,2020-12-02T19:27:42Z,2020-12-02T19:28:05Z
530376976,2020-12-01T15:16:57Z,2020-12-01T15:20:01Z
529785832,2020-11-30T20:16:00Z,2020-12-02T19:02:11Z
529004693,2020-11-28T20:22:32Z,2020-11-29T10:26:32Z
528998403,2020-11-28T19:27:05Z,2020-11-30T11:24:37Z
528813515,2020-11-27T23:37:39Z,2021-02-14T16:00:53Z
528278481,2020-11-26T21:56:44Z,2020-12-26T21:07:59Z
527995841,2020-11-26T10:55:28Z,2021-01-15T14:54:48Z
527649698,2020-11-25T19:22:15Z,2020-12-13T14:11:25Z
525265325,2020-11-22T10:57:48Z,2021-01-01T20:05:11Z
523265545,2020-11-18T15:27:59Z,2020-12-15T08:23:24Z
520914885,2020-11-14T00:27:54Z,2020-12-24T12:32:25Z
520885832,2020-11-13T22:39:30Z,2020-12-24T12:48:58Z
520883553,2020-11-13T22:31:59Z,2022-07-24T09:01:08Z
520784541,2020-11-13T18:52:31Z,2020-11-22T15:51:08Z
520696472,2020-11-13T16:52:52Z,2021-02-28T19:18:56Z
513212385,2020-10-30T18:41:47Z,2020-12-22T16:33:48Z
510262552,2020-10-26T19:39:08Z,2020-10-27T11:13:12Z
509007040,2020-10-23T14:33:18Z,2020-10-23T15:14:14Z
508950858,2020-10-23T13:01:10Z,2020-11-08T10:07:43Z
508815377,2020-10-23T08:47:15Z,2020-10-23T13:33:08Z
507891785,2020-10-21T22:09:42Z,2020-10-30T12:19:18Z
505514699,2020-10-18T18:07:29Z,2020-10-18T20:44:48Z
504362489,2020-10-15T20:13:40Z,2020-10-27T20:41:51Z
503347705,2020-10-14T12:46:34Z,2020-10-14T13:04:03Z
503328880,2020-10-14T12:13:21Z,2020-10-14T13:03:19Z
501184572,2020-10-11T18:29:01Z,2020-11-12T11:17:35Z
496043671,2020-10-01T07:46:32Z,2020-10-04T20:15:58Z
495093822,2020-09-29T20:43:31Z,2020-10-04T19:54:32Z
493174467,2020-09-25T16:04:06Z,2020-09-29T18:36:39Z
491622799,2020-09-23T08:56:26Z,2020-09-23T11:08:57Z
489882241,2020-09-20T09:56:23Z,2020-09-20T17:51:35Z
483950480,2020-09-10T14:46:10Z,2020-09-11T09:02:18Z
483024160,2020-09-09T17:54:03Z,2020-10-19T18:15:43Z
482823555,2020-09-09T12:55:09Z,2020-10-18T18:34:59Z
482212185,2020-09-08T18:07:51Z,2020-10-03T13:35:40Z
475610689,2020-08-28T19:45:17Z,2022-02-26T18:07:20Z
464578444,2020-08-07T12:30:44Z,2020-08-25T11:57:10Z
464387329,2020-08-07T04:49:23Z,2020-08-07T12:26:20Z
462097620,2020-08-03T10:37:58Z,2020-08-04T17:18:49Z
456212382,2020-07-24T10:36:04Z,2020-10-05T07:07:20Z
443063434,2020-07-01T23:29:39Z,2020-07-02T07:26:08Z
441108290,2020-06-28T20:15:17Z,2020-07-01T10:06:55Z
439094941,2020-06-24T09:53:28Z,2020-07-27T10:44:56Z
437533647,2020-06-21T11:44:18Z,2020-07-15T18:34:07Z
437188206,2020-06-19T16:18:17Z,2020-06-19T16:44:11Z
432299219,2020-06-10T08:43:15Z,2020-06-11T20:17:38Z
426686766,2020-06-02T16:09:37Z,2020-06-20T14:49:28Z
426491796,2020-06-02T10:22:35Z,2020-06-20T13:59:30Z
426215231,2020-06-01T21:08:17Z,2020-06-04T02:37:05Z
426212421,2020-06-01T21:01:23Z,2020-06-03T19:28:32Z
425959198,2020-06-01T12:48:15Z,2020-06-02T08:12:57Z
425913975,2020-06-01T11:13:40Z,2020-06-01T23:09:42Z
422437421,2020-05-24T16:32:29Z,2020-05-25T19:23:40Z
422433560,2020-05-24T16:01:16Z,2020-05-27T23:59:52Z
422422880,2020-05-24T14:41:12Z,2020-05-24T16:35:43Z
422394082,2020-05-24T10:37:35Z,2020-09-20T09:42:16Z
422394028,2020-05-24T10:36:56Z,2021-10-10T11:10:35Z
422128351,2020-05-22T20:35:01Z,2020-05-23T11:02:59Z
421736067,2020-05-22T06:13:36Z,2021-05-25T19:47:49Z
421559314,2020-05-21T20:15:27Z,2021-05-15T11:51:16Z
420696019,2020-05-20T11:43:20Z,2021-01-08T07:06:58Z
420200311,2020-05-19T15:37:00Z,2022-05-14T21:24:15Z
415731848,2020-05-10T14:52:16Z,
413114509,2020-05-04T18:34:42Z,2020-05-05T12:25:07Z
413010955,2020-05-04T15:09:51Z,2020-06-20T13:58:35Z
412425536,2020-05-02T09:25:27Z,2020-06-20T20:40:18Z
406706250,2020-04-21T14:20:29Z,2020-07-24T08:22:40Z
405528683,2020-04-18T17:01:00Z,2020-04-25T09:04:47Z
403807945,2020-04-15T14:50:00Z,2020-04-24T10:01:28Z
403757405,2020-04-15T13:24:06Z,2020-05-03T20:04:38Z
402390998,2020-04-12T20:01:07Z,2020-04-12T22:15:03Z
401379089,2020-04-09T11:51:05Z,2020-04-09T23:17:26Z
400936760,2020-04-08T15:57:00Z,2020-10-18T20:56:44Z
397605667,2020-04-02T14:12:53Z,2020-10-18T20:56:17Z
397015638,2020-04-01T14:01:22Z,2020-04-02T20:08:57Z
382406766,2020-03-02T14:12:52Z,2020-05-09T19:57:13Z
378728295,2020-02-23T17:10:20Z,2020-02-24T14:21:58Z
375875253,2020-02-16T21:25:58Z,2020-05-04T06:51:38Z
375865308,2020-02-16T19:56:26Z,2020-03-29T18:39:17Z
375856290,2020-02-16T18:24:54Z,
375829215,2020-02-16T13:59:42Z,
375415403,2020-02-14T14:28:22Z,2020-04-14T20:04:55Z
375309256,2020-02-14T10:11:14Z,2020-02-14T10:31:49Z
373426627,2020-02-11T00:50:51Z,2020-03-29T19:41:22Z
369940555,2020-02-01T21:14:32Z,2020-02-05T08:30:58Z
367347981,2020-01-27T07:27:14Z,2020-03-01T09:59:32Z
367233221,2020-01-26T16:06:42Z,2020-05-03T20:09:26Z
366026509,2020-01-22T19:34:10Z,2020-01-26T10:59:23Z
366009210,2020-01-22T18:51:25Z,2020-01-25T20:16:16Z
365725436,2020-01-22T08:28:00Z,2020-01-28T11:49:51Z
365504591,2020-01-21T20:48:26Z,2020-01-25T22:38:06Z
362214488,2020-01-13T16:41:47Z,2020-01-13T20:36:07Z
361441623,2020-01-10T13:05:13Z,
361199655,2020-01-09T22:58:27Z,2020-01-10T09:22:55Z
359939265,2020-01-07T11:04:53Z,2020-01-09T18:17:19Z
359567137,2020-01-06T14:30:43Z,2020-01-09T21:54:08Z
359492566,2020-01-06T10:51:55Z,2021-06-25T17:28:23Z
359329040,2020-01-05T19:26:56Z,2020-01-05T21:08:44Z
359255768,2020-01-04T23:21:49Z,2021-07-04T15:18:38Z
358509007,2020-01-01T18:41:09Z,2020-01-13T21:13:14Z
358496154,2020-01-01T15:14:34Z,2022-02-21T18:35:18Z
358474207,2020-01-01T10:22:49Z,2020-01-01T12:41:43Z
358432523,2019-12-31T23:09:22Z,2020-01-14T10:17:50Z
356349796,2019-12-23T14:33:04Z,2020-01-25T22:38:06Z
353981433,2019-12-17T08:39:40Z,2019-12-22T12:38:48Z
352857058,2019-12-13T12:09:15Z,2020-05-23T08:55:12Z
350700024,2019-12-09T12:57:28Z,2019-12-10T08:44:49Z
338096899,2019-11-07T15:27:26Z,2019-11-09T12:12:36Z
335798251,2019-11-02T09:57:42Z,
332803755,2019-10-26T21:38:06Z,2019-11-18T10:40:33Z
330116765,2019-10-20T13:22:56Z,2019-11-29T14:17:15Z
327586691,2019-10-13T19:46:51Z,2023-06-15T07:24:35Z
327482027,2019-10-12T17:05:44Z,2019-11-17T21:10:02Z
326498365,2019-10-10T00:18:42Z,2019-10-12T08:55:58Z
326278518,2019-10-09T14:17:29Z,2019-10-13T13:31:08Z
325034654,2019-10-06T13:36:26Z,2021-12-02T19:56:45Z
324486987,2019-10-04T02:55:39Z,2020-06-21T16:27:18Z
324377980,2019-10-03T19:45:58Z,2020-09-01T06:47:39Z
324045164,2019-10-03T04:58:33Z,2020-06-21T16:28:29Z
323903948,2019-10-02T19:17:27Z,2019-12-27T09:56:56Z
323390033,2019-10-01T17:31:18Z,2020-06-22T21:22:39Z
315344477,2019-09-09T03:38:56Z,2022-04-01T22:32:10Z
313939997,2019-09-04T09:23:11Z,2019-09-10T06:22:23Z
313838334,2019-09-04T03:06:03Z,2020-01-13T22:08:03Z
312985942,2019-08-31T22:24:54Z,2019-08-31T23:29:47Z
312963792,2019-08-31T15:39:58Z,
308278803,2019-08-17T09:13:45Z,2020-01-26T10:59:24Z
308166536,2019-08-16T18:02:15Z,2020-01-26T10:59:23Z
307324189,2019-08-14T13:15:17Z,2019-08-14T17:27:21Z
306642213,2019-08-12T20:10:18Z,
306636524,2019-08-12T19:52:42Z,2019-08-12T20:11:18Z
305200522,2019-08-07T15:18:22Z,2019-08-09T14:00:04Z
303452702,2019-08-01T16:01:06Z,2019-08-19T21:44:25Z
300802692,2019-07-24T16:29:39Z,2019-07-26T20:17:32Z
300242089,2019-07-23T11:03:46Z,2019-08-01T13:23:20Z
300175691,2019-07-23T08:10:01Z,2019-07-23T09:12:52Z
300148575,2019-07-23T06:42:24Z,2019-07-23T06:42:32Z
298972964,2019-07-18T15:35:11Z,2019-08-06T16:18:58Z
295123404,2019-07-07T18:56:46Z,2019-07-10T19:28:56Z
295053580,2019-07-06T17:51:59Z,2019-07-20T09:35:19Z
295008936,2019-07-06T02:25:13Z,2019-07-06T22:29:15Z
294625669,2019-07-04T15:27:15Z,2019-07-06T16:16:55Z
293094783,2019-06-30T10:36:42Z,2019-07-10T09:59:21Z
293048069,2019-06-29T16:19:51Z,2019-07-06T22:30:49Z
293048055,2019-06-29T16:19:30Z,2019-08-24T19:14:46Z
293048030,2019-06-29T16:19:04Z,2019-07-24T02:30:13Z
293048013,2019-06-29T16:18:50Z,2019-07-10T22:04:35Z
292763995,2019-06-28T09:48:35Z,2019-06-29T16:22:25Z
290650560,2019-06-21T15:21:53Z,2019-06-21T21:13:42Z
290222940,2019-06-20T13:42:39Z,2019-06-22T22:20:41Z
290221131,2019-06-20T13:38:15Z,2019-06-22T22:22:20Z
289681751,2019-06-19T12:29:01Z,2019-06-20T13:33:27Z
288608601,2019-06-16T08:36:07Z,2019-06-16T14:54:59Z
286846595,2019-06-10T21:35:43Z,2019-06-15T18:14:21Z
284437155,2019-06-03T07:04:11Z,2019-06-10T10:23:04Z
284061665,2019-05-31T14:06:52Z,2019-06-08T08:43:13Z
282822669,2019-05-28T13:07:28Z,2019-05-29T03:13:50Z
278061561,2019-05-12T15:33:55Z,2019-05-12T20:48:06Z
277088460,2019-05-08T17:39:20Z,2019-05-08T19:02:56Z
272213987,2019-04-21T12:49:21Z,2019-05-17T20:11:29Z
272211744,2019-04-21T12:06:31Z,2019-06-15T20:48:07Z
272150884,2019-04-20T12:35:14Z,2019-04-21T12:07:56Z
270293719,2019-04-14T12:35:59Z,2019-05-27T21:35:17Z
269644247,2019-04-11T16:18:23Z,2019-05-25T13:22:26Z
268800529,2019-04-09T15:53:39Z,2019-04-27T16:24:45Z
267943393,2019-04-05T19:44:48Z,2019-05-13T07:44:30Z
267862980,2019-04-05T15:13:32Z,2022-06-18T08:49:34Z
265153208,2019-03-28T01:13:07Z,2019-04-01T07:56:35Z
263889818,2019-03-24T08:42:08Z,2019-06-10T19:07:08Z
261825839,2019-03-17T08:06:15Z,2019-03-29T14:56:20Z
255700997,2019-02-24T18:00:11Z,2019-03-11T22:47:56Z
247904613,2019-01-26T18:14:05Z,2019-01-27T10:13:54Z
247876527,2019-01-26T08:33:04Z,2019-03-23T17:39:05Z
244436821,2019-01-14T13:05:04Z,2020-02-07T21:45:43Z
244318379,2019-01-14T01:03:52Z,2019-02-17T22:28:12Z
243942473,2019-01-11T08:21:23Z,2019-01-27T11:36:19Z
243596897,2019-01-10T08:13:21Z,2019-01-13T09:36:48Z
242458152,2019-01-05T20:08:36Z,2019-02-17T22:29:55Z
242457982,2019-01-05T20:05:11Z,2019-01-09T00:36:30Z
242457679,2019-01-05T19:58:25Z,2019-01-07T11:22:34Z
242444604,2019-01-05T15:11:56Z,2019-01-17T19:08:11Z
242127873,2019-01-03T22:23:55Z,2019-04-16T11:28:04Z
238949537,2018-12-16T06:35:48Z,2018-12-26T18:59:58Z
238948050,2018-12-16T05:41:24Z,2018-12-26T18:59:42Z
236109590,2018-12-05T09:53:30Z,2019-02-04T21:25:50Z
235256004,2018-12-02T12:29:38Z,2020-01-27T22:46:31Z
234725309,2018-11-29T17:33:58Z,2019-01-15T09:50:20Z
234240853,2018-11-28T11:26:09Z,2018-12-28T13:09:29Z
234239801,2018-11-28T11:22:36Z,2018-12-27T23:12:46Z
234074978,2018-11-27T22:00:05Z,2019-01-08T20:29:08Z
233942551,2018-11-27T14:58:43Z,2018-12-26T10:48:00Z
231730428,2018-11-17T14:20:41Z,2018-11-28T20:02:14Z
230081299,2018-11-12T10:16:48Z,2018-11-14T19:43:36Z
226678959,2018-10-29T19:06:04Z,2018-10-29T20:37:09Z
225419878,2018-10-24T14:11:48Z,2019-06-09T23:25:50Z
224131796,2018-10-18T23:43:01Z,2018-10-24T15:21:30Z
223769954,2018-10-17T22:14:04Z,2018-10-17T23:42:07Z
222634114,2018-10-13T07:31:32Z,2018-10-25T15:02:25Z
222622119,2018-10-13T02:34:58Z,2019-01-26T16:03:59Z
219539045,2018-10-01T22:49:52Z,2018-10-08T21:00:30Z
215825675,2018-09-16T14:17:33Z,2018-09-16T21:33:55Z
214799869,2018-09-12T00:00:45Z,2018-09-13T19:30:12Z
214149169,2018-09-09T14:59:35Z,2018-09-10T02:16:35Z
214126332,2018-09-09T03:47:59Z,2018-09-19T10:29:58Z
214108068,2018-09-08T18:20:27Z,2018-09-09T06:54:32Z
214098018,2018-09-08T14:30:55Z,2018-12-26T18:59:21Z
213546166,2018-09-06T09:08:51Z,2021-02-28T19:12:30Z
206502510,2018-08-06T20:05:20Z,2018-12-26T21:38:11Z
203654379,2018-07-24T21:04:03Z,
202876631,2018-07-20T15:05:16Z,2018-07-25T21:29:33Z
199962930,2018-07-08T21:59:59Z,2018-10-10T10:53:50Z
198460285,2018-06-30T05:06:29Z,2018-06-30T13:39:17Z
196112641,2018-06-20T11:54:34Z,2018-12-26T18:59:31Z
193837014,2018-06-10T17:25:52Z,2018-10-08T18:18:20Z
193818433,2018-06-10T10:09:09Z,2018-07-08T22:01:16Z
190757661,2018-05-26T20:20:41Z,2018-06-10T11:13:58Z
189555764,2018-05-22T06:05:07Z,2018-09-16T13:53:17Z
187532211,2018-05-11T18:07:15Z,2018-05-20T19:51:00Z
187529751,2018-05-11T17:56:13Z,2019-08-27T07:06:12Z
187526864,2018-05-11T17:43:02Z,2018-05-18T20:48:39Z
185325938,2018-05-02T03:19:02Z,2023-07-03T20:04:41Z
179472254,2018-04-04T18:19:23Z,2019-11-27T19:44:47Z
172990695,2018-03-05T21:25:12Z,2018-03-07T22:58:59Z
170350138,2018-02-21T00:50:32Z,2018-06-10T10:11:15Z
169688643,2018-02-16T18:00:09Z,
169553753,2018-02-16T06:03:33Z,2018-02-16T17:40:00Z
169137843,2018-02-14T15:18:34Z,2018-05-05T21:06:27Z
168414222,2018-02-10T18:28:15Z,2018-02-17T15:00:35Z
168413953,2018-02-10T18:22:18Z,2018-09-14T22:40:47Z
162801452,2018-01-13T23:02:27Z,2018-02-10T13:44:34Z
161520723,2018-01-07T12:58:41Z,2019-01-13T20:22:51Z
161517642,2018-01-07T11:22:58Z,2018-02-08T07:11:40Z
161503252,2018-01-07T01:15:32Z,2018-01-07T13:10:13Z
161502021,2018-01-07T00:23:51Z,2018-02-10T13:28:02Z
161499910,2018-01-06T23:05:18Z,2018-02-11T10:55:16Z
160611480,2017-12-31T06:37:36Z,2023-06-15T07:24:49Z
160611394,2017-12-31T06:32:33Z,
160611293,2017-12-31T06:25:28Z,2021-09-24T19:33:13Z
160029065,2017-12-25T06:49:17Z,
160028979,2017-12-25T06:47:33Z,
160028892,2017-12-25T06:46:10Z,
160028806,2017-12-25T06:44:31Z,2021-02-28T18:57:05Z
160028736,2017-12-25T06:43:13Z,2018-12-28T13:09:06Z
156276980,2017-12-04T18:53:00Z,2018-05-08T12:27:56Z
154883123,2017-11-27T18:28:04Z,2018-02-13T21:04:01Z
154602596,2017-11-24T19:57:06Z,2017-11-24T22:56:04Z
154464083,2017-11-24T02:27:06Z,2018-01-07T12:50:06Z
151588292,2017-11-09T08:31:25Z,2017-11-19T19:34:31Z
148861909,2017-10-26T07:57:06Z,2018-05-05T22:15:23Z
148487097,2017-10-24T19:10:37Z,2021-05-03T06:12:02Z
144162315,2017-10-02T11:29:38Z,2022-07-05T20:22:49Z
143420892,2017-09-27T15:12:29Z,2018-05-05T20:56:30Z
142720240,2017-09-23T16:38:13Z,2018-12-29T00:12:18Z
142718165,2017-09-23T15:36:55Z,2017-09-23T15:44:25Z
140392806,2017-09-11T17:33:27Z,2017-09-11T22:40:56Z
130593428,2017-07-14T13:49:35Z,2019-01-09T00:32:23Z
129714847,2017-07-10T15:58:43Z,2019-05-25T20:39:27Z
129542563,2017-07-08T21:20:18Z,2018-05-05T22:15:46Z
128832227,2017-07-04T16:08:57Z,2018-12-27T13:14:59Z
126889098,2017-06-22T00:43:55Z,2019-06-15T18:14:21Z
124515376,2017-06-07T20:53:03Z,2017-06-11T18:55:39Z
122014187,2017-05-23T14:35:27Z,2017-06-07T20:58:06Z
121673296,2017-05-21T19:45:38Z,2017-05-23T09:12:31Z
121624395,2017-05-20T13:54:24Z,2017-06-07T20:47:29Z
120830693,2017-05-16T13:43:19Z,2018-05-05T22:15:31Z
120637781,2017-05-15T16:05:59Z,2018-05-07T21:54:55Z
120499303,2017-05-14T19:46:51Z,2017-05-25T18:14:28Z
120399400,2017-05-12T20:22:59Z,2018-05-07T21:45:09Z
116280971,2017-04-18T09:00:17Z,2017-08-16T17:58:24Z
115605567,2017-04-12T18:26:01Z,2017-08-28T20:41:44Z
114809322,2017-04-07T12:51:56Z,2018-05-10T08:47:18Z
114447827,2017-04-05T18:54:24Z,2017-04-06T04:28:57Z
113078775,2017-03-28T22:12:47Z,2017-04-11T20:35:28Z
112593307,2017-03-25T16:51:26Z,2017-10-20T11:13:34Z
110392889,2017-03-13T12:23:11Z,2017-04-11T20:35:27Z
110279454,2017-03-11T23:52:58Z,2018-11-27T19:22:12Z
107013776,2017-02-20T14:14:58Z,2017-04-08T09:53:00Z
106947590,2017-02-20T06:40:17Z,2017-03-06T22:44:12Z
103897695,2017-01-31T09:27:16Z,2017-02-05T23:27:55Z
102852774,2017-01-24T04:51:09Z,2018-12-28T15:25:31Z
102852692,2017-01-24T04:50:07Z,2018-12-28T14:08:18Z
102852589,2017-01-24T04:48:34Z,2017-02-06T19:37:56Z
102658335,2017-01-23T05:03:46Z,2017-02-03T09:14:27Z
95082129,2016-11-23T21:27:40Z,2016-11-24T07:28:51Z
94525659,2016-11-20T17:39:49Z,2016-11-22T00:45:27Z
94098264,2016-11-17T03:56:22Z,2018-12-28T13:09:41Z
92484119,2016-11-06T11:17:52Z,2016-12-10T22:07:59Z
85419994,2016-09-15T14:55:13Z,2016-11-15T00:48:47Z
84208542,2016-09-06T22:37:48Z,2016-09-15T14:53:50Z
81723098,2016-08-17T21:49:53Z,
79630699,2016-08-01T20:26:04Z,2016-08-09T18:48:40Z
78718959,2016-07-25T17:20:37Z,2016-07-25T17:45:35Z
78210541,2016-07-20T20:07:34Z,2016-07-28T18:14:51Z
77883939,2016-07-18T21:38:11Z,2016-08-20T06:30:06Z
77537253,2016-07-14T22:33:29Z,2016-07-15T18:16:45Z
71811560,2016-05-28T21:00:43Z,2016-10-16T10:28:54Z
71783119,2016-05-27T23:08:44Z,2016-05-28T09:12:57Z
71476707,2016-05-25T23:01:07Z,2016-05-26T20:13:26Z
71447861,2016-05-25T19:20:08Z,2016-05-25T20:12:44Z
70675874,2016-05-19T11:11:01Z,2016-05-20T00:57:35Z
70249403,2016-05-16T19:43:31Z,2016-06-11T11:09:52Z
65573666,2016-04-07T04:49:01Z,2018-11-27T19:29:55Z
64123858,2016-03-25T02:14:17Z,2016-05-27T22:17:24Z
59729675,2016-02-17T23:56:00Z,2016-02-18T21:56:59Z
55204035,2016-01-06T11:40:18Z,2016-02-11T04:26:26Z
55007446,2016-01-04T18:44:16Z,2016-01-22T20:47:51Z
54886174,2016-01-01T01:49:54Z,2018-12-28T13:09:18Z
53533994,2015-12-14T07:58:42Z,
53533207,2015-12-14T07:46:28Z,2015-12-14T07:53:47Z
51390056,2015-11-20T18:22:16Z,2016-02-09T18:25:01Z
49371216,2015-11-01T12:48:41Z,
47856157,2015-10-15T23:43:49Z,2016-06-22T20:00:17Z
46694526,2015-10-03T00:08:51Z,
46627196,2015-10-02T11:46:58Z,2015-10-15T23:47:47Z
45457226,2015-09-18T21:57:01Z,2015-09-21T19:01:21Z
45119869,2015-09-16T00:47:29Z,2016-10-16T22:00:31Z
44853227,2015-09-12T13:21:56Z,2015-09-29T12:17:24Z
44185970,2015-09-04T06:11:49Z,2016-01-30T18:32:41Z
43914993,2015-09-01T19:16:55Z,2015-09-06T12:38:10Z
41402757,2015-08-01T14:55:48Z,2015-09-11T22:45:23Z
40681958,2015-07-23T15:04:59Z,2016-05-28T12:54:21Z
40542962,2015-07-22T08:53:01Z,2015-07-23T14:43:42Z
40316194,2015-07-19T22:21:24Z,2015-07-23T14:56:17Z
40121504,2015-07-16T11:59:54Z,2015-09-11T23:32:27Z
39684806,2015-07-10T13:36:53Z,2015-10-02T11:17:24Z
39626949,2015-07-09T20:51:41Z,2015-07-10T08:39:41Z
39226455,2015-07-05T20:30:01Z,2015-07-05T20:31:18Z
39226318,2015-07-05T20:20:06Z,2015-07-05T20:20:14Z
38089643,2015-06-19T09:13:52Z,2015-06-20T12:33:50Z
37858441,2015-06-17T01:34:37Z,2016-05-27T21:22:10Z
37476826,2015-06-11T15:34:53Z,2015-09-11T22:59:46Z
37106624,2015-06-07T13:32:28Z,2015-12-18T19:53:54Z
36225352,2015-05-26T17:22:05Z,2015-11-15T21:09:27Z
34807974,2015-05-06T11:17:43Z,2015-05-06T22:39:34Z
34341674,2015-04-29T08:24:58Z,2015-07-22T17:58:23Z
34335671,2015-04-29T06:12:22Z,2015-06-24T06:28:05Z
34323000,2015-04-28T23:50:59Z,2015-09-11T22:45:23Z
34269853,2015-04-28T14:05:04Z,2015-06-28T20:27:20Z
33716928,2015-04-20T23:40:54Z,2015-04-27T22:08:38Z
33610627,2015-04-18T23:31:07Z,2019-01-15T17:07:35Z
31792728,2015-03-24T02:36:31Z,2015-09-11T22:53:17Z
31428100,2015-03-18T13:27:05Z,2015-09-14T19:58:09Z
30828873,2015-03-10T07:51:37Z,2015-03-13T18:15:33Z
29750212,2015-02-21T07:16:29Z,2015-02-21T15:39:54Z
29749889,2015-02-21T06:41:42Z,2015-02-24T23:54:52Z
29128096,2015-02-11T21:03:22Z,2020-11-28T22:05:44Z
27806810,2015-01-21T23:57:49Z,2015-01-22T20:49:15Z
26708027,2014-12-30T22:55:31Z,2015-01-05T12:38:19Z
26458823,2014-12-22T14:20:51Z,
26272413,2014-12-18T01:52:06Z,2015-03-11T15:06:31Z
24610373,2014-11-18T13:20:46Z,2016-05-27T21:22:15Z
23867798,2014-11-04T22:09:26Z,2014-11-21T22:52:25Z
23865916,2014-11-04T21:42:44Z,2014-11-04T21:44:18Z
23615698,2014-10-30T16:02:53Z,2014-11-17T07:22:37Z
23513599,2014-10-29T08:08:06Z,2015-12-18T23:43:18Z
23357190,2014-10-26T22:25:14Z,2014-11-18T16:10:59Z
21927803,2014-09-29T11:24:12Z,2014-09-29T18:51:45Z
20116146,2014-08-21T15:15:44Z,2015-01-27T10:10:52Z
18594716,2014-07-18T16:16:55Z,2014-07-19T16:37:12Z
17183266,2014-06-16T15:07:35Z,2014-07-21T12:48:12Z
17087095,2014-06-13T00:02:03Z,2014-06-14T20:47:43Z
16953331,2014-06-10T17:24:16Z,2014-06-12T07:39:32Z
16696903,2014-06-04T08:40:43Z,2014-06-10T17:12:06Z
16532561,2014-05-30T13:28:30Z,2014-06-10T17:12:06Z
16375816,2014-05-27T14:46:41Z,2014-06-10T17:12:06Z
16368652,2014-05-27T12:28:18Z,2014-06-10T17:12:06Z
16356986,2014-05-27T07:07:16Z,2014-05-27T12:29:14Z
16275613,2014-05-23T14:18:15Z,2014-05-24T12:54:38Z
15744229,2014-05-11T16:48:26Z,2014-06-10T17:12:06Z
14422951,2014-04-06T09:33:54Z,2014-06-10T17:12:06Z
11029409,2013-12-20T23:32:30Z,2014-06-10T17:12:06Z
8249982,2013-09-11T16:33:48Z,2014-05-21T09:27:48Z
8241237,2013-09-11T12:06:22Z,2013-09-15T01:39:37Z
5427687,2013-04-29T15:59:20Z,2014-01-06T15:37:58Z
4881857,2013-03-29T08:36:48Z,2014-06-10T17:12:06Z
4779010,2013-03-23T18:11:52Z,2013-03-24T01:10:49Z
4689873,2013-03-19T11:51:59Z,2013-03-19T18:25:56Z
4675841,2013-03-18T18:59:42Z,2013-03-18T19:39:34Z
4649467,2013-03-15T22:53:23Z,2013-03-15T23:57:46Z
4584414,2013-03-13T02:11:43Z,2013-03-13T19:02:42Z
4451336,2013-03-05T16:51:56Z,2013-03-05T23:29:50Z
